sorteo,fecha,tradicional,segunda,revancha,siempre_sale,fuentes
1279,2006-01-04,00 04 12 17 29 31,03 15 16 23 31 35,11 15 17 19 42 45,03 05 13 24 42 44,github_imanzano_2006_2017
1280,2006-01-08,01 10 16 26 29 45,00 03 11 19 37 38,01 06 09 10 22 27,09 13 24 33 35 43,github_imanzano_2006_2017
1281,2006-01-11,00 13 23 29 32 36,04 07 10 17 27 37,00 01 03 21 29 33,12 18 19 29 31 33,github_imanzano_2006_2017
1282,2006-01-15,00 05 06 10 15 35,00 09 13 22 39 45,02 07 27 29 32 34,01 09 19 29 32 44,github_imanzano_2006_2017
1283,2006-01-18,00 10 16 20 42 45,00 08 14 15 19 37,00 02 07 21 25 32,04 05 09 21 33 42,github_imanzano_2006_2017
1284,2006-01-22,12 23 29 35 36 44,05 07 15 23 35 44,04 15 19 21 22 29,00 06 17 18 32 40,github_imanzano_2006_2017
1285,2006-01-25,02 08 10 21 29 38,00 05 08 16 31 35,09 13 17 26 29 36,04 06 08 22 24 43,github_imanzano_2006_2017
1286,2006-01-29,10 14 16 21 29 30,03 04 09 18 22 33,00 02 04 13 31 44,02 16 17 18 23 24,github_imanzano_2006_2017
1287,2006-02-01,04 05 16 23 27 42,01 09 14 15 30 37,09 26 29 34 37 42,01 13 24 37 39 42,github_imanzano_2006_2017
1288,2006-02-05,02 04 09 23 28 29,10 11 17 20 28 44,00 09 25 31 33 34,01 05 07 14 28 36,github_imanzano_2006_2017
1289,2006-02-08,00 09 15 20 27 38,08 21 24 32 35 41,02 10 11 30 34 41,10 12 31 33 38 45,github_imanzano_2006_2017
1290,2006-02-12,00 03 05 12 39 40,12 14 31 32 33 42,00 02 05 28 35 43,01 04 15 18 34 40,github_imanzano_2006_2017
1291,2006-02-15,09 14 27 32 33 35,06 12 28 37 39 43,05 14 15 40 43 44,02 17 24 29 34 40,github_imanzano_2006_2017
1292,2006-02-19,00 05 06 15 16 32,01 05 09 13 23 41,05 09 10 16 25 30,00 03 05 35 36 40,github_imanzano_2006_2017
1293,2006-02-22,07 14 15 24 27 31,05 19 22 23 24 33,16 20 24 35 37 39,10 12 15 26 33 34,github_imanzano_2006_2017
1294,2006-02-26,05 12 19 27 36 43,14 22 30 39 43 45,03 15 17 18 19 22,07 10 15 28 35 41,github_imanzano_2006_2017
1296,2006-03-05,11 14 19 23 38 44,00 03 13 20 30 42,08 10 17 31 43 45,02 06 07 09 25 37,github_imanzano_2006_2017
1297,2006-03-08,02 17 24 28 30 41,07 27 28 39 42 45,08 12 17 25 27 30,02 05 19 20 25 35,github_imanzano_2006_2017
1298,2006-03-12,03 08 14 22 40 43,09 11 19 20 22 28,09 11 13 31 36 40,02 04 06 10 20 41,github_imanzano_2006_2017
1299,2006-03-15,04 08 11 25 37 45,04 08 09 31 33 39,05 07 09 19 36 39,00 11 26 36 40 43,github_imanzano_2006_2017
1300,2006-03-19,05 08 11 13 18 30,00 14 21 26 35 38,16 19 21 28 31 43,11 12 13 19 21 45,github_imanzano_2006_2017
1301,2006-03-22,01 03 06 20 31 44,03 06 07 33 35 41,06 13 17 18 20 28,00 02 06 19 20 22,github_imanzano_2006_2017
1302,2006-03-26,00 03 19 23 33 40,05 15 20 26 38 45,01 05 07 08 28 39,03 07 12 24 25 38,github_imanzano_2006_2017
1303,2006-03-29,10 11 12 19 24 37,00 11 22 25 28 37,13 26 28 31 38 40,02 04 11 14 25 33,github_imanzano_2006_2017
1304,2006-04-02,00 02 03 10 15 26,01 04 09 11 27 39,10 11 17 30 35 38,01 02 07 32 33 36,github_imanzano_2006_2017
1305,2006-04-05,13 23 35 37 39 41,00 01 10 23 28 38,02 05 10 23 29 31,01 03 06 10 32 42,github_imanzano_2006_2017
1306,2006-04-09,28 29 36 39 41 44,12 14 15 25 38 45,18 24 25 28 34 43,09 13 20 30 31 42,github_imanzano_2006_2017
1307,2006-04-12,03 09 13 31 32 43,00 01 19 31 35 39,03 05 07 23 38 40,09 16 19 20 23 35,github_imanzano_2006_2017
1308,2006-04-17,15 23 33 41 42 43,19 20 21 24 28 35,01 05 11 27 38 41,12 28 32 36 40 44,github_imanzano_2006_2017
1309,2006-04-19,21 23 30 34 36 37,03 10 15 18 31 39,00 06 07 28 30 42,09 10 24 31 37 41,github_imanzano_2006_2017
1310,2006-04-23,11 12 14 19 26 35,01 08 14 16 29 41,00 04 10 13 31 42,02 10 15 16 18 19,github_imanzano_2006_2017
1311,2006-04-26,07 08 09 26 29 37,00 09 10 21 30 42,12 17 25 29 35 42,01 05 06 16 22 33,github_imanzano_2006_2017
1312,2006-04-30,09 10 26 30 37 43,02 09 12 17 39 40,06 17 28 32 42 43,01 14 16 21 28 30,github_imanzano_2006_2017
1313,2006-05-03,02 06 08 10 24 26,02 03 15 38 40 45,17 20 27 37 40 44,07 08 10 21 28 33,github_imanzano_2006_2017
1314,2006-05-07,02 03 08 21 30 32,04 06 10 11 16 19,05 06 14 25 32 33,09 21 27 31 33 41,github_imanzano_2006_2017
1315,2006-05-11,06 15 25 28 29 45,03 11 16 33 36 45,00 02 04 12 20 35,01 04 07 21 31 44,github_imanzano_2006_2017
1316,2006-05-14,01 17 20 25 32 36,03 06 07 13 19 42,10 11 15 25 26 31,07 13 15 19 33 39,github_imanzano_2006_2017
1317,2006-05-17,03 14 15 20 33 42,01 15 21 27 32 33,02 17 21 30 37 38,01 03 19 32 40 43,github_imanzano_2006_2017
1318,2006-05-21,21 23 28 31 42 45,03 07 08 18 24 33,00 11 13 19 23 26,06 13 16 20 30 45,github_imanzano_2006_2017
1319,2006-05-24,00 01 07 22 28 30,01 14 15 17 18 32,06 13 19 29 39 45,04 15 18 31 40 41,github_imanzano_2006_2017
1320,2006-05-28,08 09 19 21 23 42,17 18 19 21 27 36,16 19 28 35 38 40,06 17 25 29 32 37,github_imanzano_2006_2017
1321,2006-05-31,00 21 27 30 37 43,04 22 24 27 34 44,08 14 15 17 41 43,01 04 08 12 24 42,github_imanzano_2006_2017
1322,2006-06-04,06 27 30 39 42 43,08 11 20 21 24 32,07 12 16 23 30 35,04 09 14 17 36 45,github_imanzano_2006_2017
1323,2006-06-07,00 01 04 07 13 45,05 16 20 25 34 40,11 18 30 42 44 45,04 08 15 16 30 33,github_imanzano_2006_2017
1324,2006-06-11,27 31 33 37 38 44,02 08 22 31 40 44,09 20 29 31 32 43,03 07 09 41 44 45,github_imanzano_2006_2017
1325,2006-06-14,15 18 29 30 42 44,24 25 29 34 36 44,05 07 19 24 26 41,02 04 06 08 25 31,github_imanzano_2006_2017
1326,2006-06-18,05 12 21 24 34 44,02 09 17 32 33 34,11 17 24 29 36 43,00 02 09 18 24 39,github_imanzano_2006_2017
1327,2006-06-21,06 09 20 30 31 40,02 09 12 20 23 33,00 03 05 16 18 24,01 04 07 29 31 37,github_imanzano_2006_2017
1328,2006-06-25,07 09 17 33 34 44,03 18 24 33 39 40,01 12 14 25 43 44,06 07 20 23 26 34,github_imanzano_2006_2017
1329,2006-06-28,04 11 12 18 22 35,04 07 17 22 38 42,01 05 12 21 35 43,00 03 17 22 29 31,github_imanzano_2006_2017
1330,2006-07-02,01 03 09 25 28 37,01 14 20 34 40 44,10 19 20 24 29 39,01 06 07 31 40 45,github_imanzano_2006_2017
1331,2006-07-05,15 19 20 27 32 45,16 26 27 29 35 36,02 04 06 11 29 44,12 18 27 33 41 44,github_imanzano_2006_2017
1332,2006-07-09,00 02 19 26 39 42,02 07 25 36 38 40,18 23 24 27 28 35,07 18 23 32 36 44,github_imanzano_2006_2017
1333,2006-07-12,00 01 12 14 29 35,19 22 31 36 44 45,06 07 18 22 42 44,02 28 30 41 42 43,github_imanzano_2006_2017
1334,2006-07-16,02 04 08 18 22 27,05 12 15 24 32 42,08 16 21 22 23 36,03 04 05 17 35 42,github_imanzano_2006_2017
1335,2006-07-19,01 02 06 12 15 30,09 12 13 34 37 42,01 10 12 13 17 30,01 19 21 25 27 28,github_imanzano_2006_2017
1336,2006-07-23,00 03 11 17 28 39,00 01 19 22 33 36,13 14 18 19 22 37,00 11 12 16 25 30,github_imanzano_2006_2017
1337,2006-07-26,00 01 02 04 28 45,03 07 08 12 17 37,01 02 18 21 29 39,04 10 14 16 24 45,github_imanzano_2006_2017
1338,2006-07-30,13 18 19 30 32 44,01 02 07 15 20 22,01 06 18 19 25 39,12 18 24 27 33 40,github_imanzano_2006_2017
1339,2006-08-02,15 18 23 26 32 35,02 06 16 29 33 45,04 08 09 15 26 40,17 20 21 25 33 39,github_imanzano_2006_2017
1340,2006-08-07,05 06 07 21 24 29,04 05 11 27 29 43,06 09 13 36 43 45,13 14 16 18 20 40,github_imanzano_2006_2017
1341,2006-08-09,07 13 23 25 27 37,04 13 15 16 17 36,00 04 20 27 31 33,00 04 10 25 32 40,github_imanzano_2006_2017
1342,2006-08-13,07 14 18 32 33 40,14 17 20 24 34 35,08 17 23 31 35 42,01 05 15 18 32 36,github_imanzano_2006_2017
1343,2006-08-16,07 08 17 25 31 34,00 09 26 28 34 37,03 14 19 33 39 45,14 25 29 34 40 41,github_imanzano_2006_2017
1344,2006-08-20,01 03 07 25 33 41,15 16 24 28 29 44,05 16 24 25 32 43,06 10 33 35 36 42,github_imanzano_2006_2017
1345,2006-08-23,04 14 19 23 28 39,14 19 38 39 40 41,06 13 24 28 41 45,02 06 14 23 26 29,github_imanzano_2006_2017
1346,2006-08-27,01 18 27 33 40 42,02 03 14 16 24 42,02 04 12 16 20 23,06 21 24 29 30 31,github_imanzano_2006_2017
1347,2006-08-30,00 04 26 28 34 38,00 02 03 06 30 37,04 07 13 19 25 27,00 15 20 30 34 40,github_imanzano_2006_2017
1348,2006-09-03,06 17 23 28 29 45,00 03 04 09 33 38,08 15 31 36 43 45,09 20 28 35 38 42,github_imanzano_2006_2017
1349,2006-09-06,10 15 27 34 42 44,03 05 11 13 29 32,04 06 15 32 38 45,10 12 13 19 27 43,github_imanzano_2006_2017
1350,2006-09-10,05 06 08 10 22 28,00 03 24 25 32 36,03 06 07 29 38 42,01 19 27 28 37 39,github_imanzano_2006_2017
1351,2006-09-13,02 03 04 12 36 44,07 11 22 24 33 38,00 04 05 22 33 42,09 11 20 28 36 41,github_imanzano_2006_2017
1352,2006-09-17,08 10 12 18 27 39,02 08 12 22 25 26,12 16 17 18 24 27,04 10 21 27 29 36,github_imanzano_2006_2017
1353,2006-09-20,15 18 28 36 40 45,00 01 03 12 29 35,05 10 15 18 38 42,00 04 08 26 33 34,github_imanzano_2006_2017
1354,2006-09-24,02 07 08 15 16 36,04 07 11 18 25 34,06 09 14 15 17 25,00 07 28 30 39 42,github_imanzano_2006_2017
1355,2006-09-27,02 16 27 31 32 42,23 24 30 34 36 42,04 16 17 36 43 45,09 12 24 35 38 40,github_imanzano_2006_2017
1356,2006-10-02,03 15 23 25 27 36,08 10 18 23 28 39,03 07 16 21 28 29,07 09 17 21 38 41,github_imanzano_2006_2017
1357,2006-10-04,03 04 14 16 17 31,10 14 22 24 29 44,06 07 20 30 32 43,12 28 32 33 41 45,github_imanzano_2006_2017
1358,2006-10-08,07 09 17 34 35 43,02 05 06 08 12 21,12 15 22 35 37 44,11 16 21 22 27 45,github_imanzano_2006_2017
1359,2006-10-11,12 14 19 29 31 39,00 12 25 30 43 45,04 05 06 10 34 45,00 12 18 21 26 27,github_imanzano_2006_2017
1360,2006-10-15,06 11 23 25 28 43,03 09 10 24 31 34,09 13 15 21 35 36,01 09 16 19 20 21,github_imanzano_2006_2017
1361,2006-10-18,10 13 20 29 35 45,09 11 32 37 40 43,12 17 19 24 29 33,06 08 12 17 29 40,github_imanzano_2006_2017
1362,2006-10-22,01 07 08 13 24 35,16 18 21 36 41 42,04 07 13 23 33 40,02 11 14 15 21 24,github_imanzano_2006_2017
1363,2006-10-25,00 04 08 15 26 45,00 16 20 24 25 43,07 08 21 23 29 44,14 16 17 33 37 41,github_imanzano_2006_2017
1364,2006-10-29,02 07 19 21 33 41,20 21 24 26 37 42,05 10 25 29 31 42,12 20 28 29 38 45,github_imanzano_2006_2017
1365,2006-11-01,00 31 32 33 43 44,02 07 21 32 41 45,02 12 26 27 29 34,08 24 25 26 27 41,github_imanzano_2006_2017
1366,2006-11-05,03 07 23 34 39 42,00 04 19 27 44 45,08 12 33 35 40 44,02 05 07 11 32 33,github_imanzano_2006_2017
1367,2006-11-08,08 10 12 14 21 38,16 19 32 35 43 44,00 08 20 31 32 41,03 22 32 39 42 44,github_imanzano_2006_2017
1368,2006-11-12,06 15 20 27 28 37,00 04 08 21 31 38,04 06 15 20 37 40,00 05 09 10 20 26,github_imanzano_2006_2017
1369,2006-11-15,04 07 14 24 32 33,01 13 22 28 31 45,07 09 23 24 28 37,05 09 10 25 38 41,github_imanzano_2006_2017
1370,2006-11-19,00 08 30 38 40 42,04 11 18 22 38 44,04 10 17 21 36 44,04 11 16 27 30 42,github_imanzano_2006_2017
1371,2006-11-22,04 14 26 31 32 39,00 23 29 39 40 41,02 10 12 14 39 41,00 10 16 32 39 42,github_imanzano_2006_2017
1372,2006-11-26,01 03 10 18 22 29,00 04 05 15 24 36,05 06 07 10 21 24,00 01 02 19 28 44,github_imanzano_2006_2017
1373,2006-11-29,04 20 29 34 37 45,11 17 19 24 28 33,01 03 06 09 11 39,04 06 08 15 26 36,github_imanzano_2006_2017
1374,2006-12-03,02 13 17 25 41 42,02 05 14 24 35 40,06 11 16 18 20 42,09 11 13 19 22 36,github_imanzano_2006_2017
1375,2006-12-06,10 20 24 42 43 45,18 20 24 26 34 35,08 14 15 20 43 45,01 15 26 28 30 36,github_imanzano_2006_2017
1376,2006-12-11,06 16 27 30 31 42,00 04 07 10 13 19,04 19 21 32 33 38,10 15 18 26 27 39,github_imanzano_2006_2017
1377,2006-12-13,01 15 24 30 40 44,01 03 06 10 18 37,13 19 23 30 33 42,02 07 08 12 24 39,github_imanzano_2006_2017
1378,2006-12-18,03 07 22 33 37 45,07 09 11 13 42 43,01 09 16 21 24 33,06 11 14 30 34 41,github_imanzano_2006_2017
1379,2006-12-20,03 05 06 19 20 40,03 05 06 18 25 32,08 10 12 36 37 41,07 11 18 19 20 36,github_imanzano_2006_2017
1380,2006-12-24,05 10 13 26 34 38,18 22 26 32 35 44,02 11 21 31 34 40,01 02 09 25 26 34,github_imanzano_2006_2017
1381,2006-12-27,06 10 25 34 35 42,04 06 10 22 23 43,05 11 26 39 41 43,01 06 12 30 37 39,github_imanzano_2006_2017
1382,2006-12-31,03 05 15 28 34 45,05 10 16 22 23 29,03 16 22 30 35 38,12 17 27 32 34 38,github_imanzano_2006_2017
1383,2007-01-03,02 08 19 26 33 35,04 05 09 34 40 42,03 05 11 22 29 31,15 17 21 25 26 30,github_imanzano_2006_2017
1384,2007-01-07,03 11 12 18 28 30,08 24 32 36 37 41,00 09 13 24 42 45,14 16 20 22 29 42,github_imanzano_2006_2017
1385,2007-01-10,00 24 35 39 40 41,04 06 26 28 29 36,00 03 09 17 24 25,07 09 10 38 39 42,github_imanzano_2006_2017
1386,2007-01-14,01 02 26 31 33 34,01 04 07 08 10 16,03 08 10 30 35 42,03 04 13 27 30 44,github_imanzano_2006_2017
1387,2007-01-17,04 08 14 19 23 35,04 21 22 33 34 38,14 16 23 27 36 39,00 04 15 19 23 27,github_imanzano_2006_2017
1388,2007-01-21,01 10 17 21 36 38,00 13 14 19 27 29,00 06 08 18 32 45,01 05 12 21 24 36,github_imanzano_2006_2017
1389,2007-01-24,11 29 32 33 38 44,07 14 17 19 28 29,04 13 20 25 29 43,13 14 27 36 37 40,github_imanzano_2006_2017
1390,2007-01-28,04 21 23 33 35 38,01 04 13 20 38 43,18 19 21 28 34 36,09 10 20 22 30 37,github_imanzano_2006_2017
1391,2007-01-31,06 10 12 17 39 45,03 06 18 38 39 40,09 18 21 24 30 38,03 13 14 25 31 45,github_imanzano_2006_2017
1392,2007-02-04,14 19 28 31 35 42,02 04 14 19 21 31,07 09 13 36 42 43,03 08 14 17 19 43,github_imanzano_2006_2017
1393,2007-02-07,08 09 11 26 33 41,02 09 30 31 37 40,01 03 09 15 17 25,11 18 19 26 34 41,github_imanzano_2006_2017
1394,2007-02-11,03 04 18 26 34 42,18 20 23 25 34 40,00 13 22 25 35 38,03 07 15 30 36 39,github_imanzano_2006_2017
1395,2007-02-14,13 30 36 38 40 43,03 05 09 16 24 36,01 03 04 32 39 40,15 21 24 30 33 40,github_imanzano_2006_2017
1396,2007-02-18,00 20 26 30 32 35,06 18 21 25 30 36,02 08 13 21 24 28,04 22 28 30 39 43,github_imanzano_2006_2017
1397,2007-02-21,10 13 14 18 37 41,21 22 27 35 40 42,02 04 06 10 22 40,02 09 15 28 36 41,github_imanzano_2006_2017
1398,2007-02-25,09 10 23 27 39 43,00 07 11 14 28 41,00 09 18 26 27 30,01 13 17 25 33 40,github_imanzano_2006_2017
1399,2007-02-28,02 03 13 35 39 41,22 26 31 39 41 43,13 22 28 30 34 35,04 12 15 20 28 44,github_imanzano_2006_2017
1400,2007-03-04,03 17 19 21 23 44,05 07 08 09 14 31,01 20 24 30 41 43,04 19 28 32 41 42,github_imanzano_2006_2017
1401,2007-03-07,07 34 35 36 37 45,02 10 18 24 35 42,00 04 06 36 44 45,02 13 14 15 24 34,github_imanzano_2006_2017
1402,2007-03-11,05 06 09 12 14 31,00 03 06 09 19 45,04 05 08 17 20 45,12 15 25 29 31 32,github_imanzano_2006_2017
1403,2007-03-14,02 05 08 10 11 28,02 07 20 34 44 45,00 10 11 24 33 44,05 12 23 39 40 43,github_imanzano_2006_2017
1404,2007-03-19,03 35 39 40 41 43,16 17 28 30 31 44,01 26 31 37 38 43,02 09 12 14 16 38,github_imanzano_2006_2017
1405,2007-03-21,03 04 06 09 32 39,07 09 14 15 29 32,02 03 05 13 34 41,05 11 13 16 30 35,github_imanzano_2006_2017
1406,2007-03-25,06 11 12 14 25 33,01 08 16 19 27 31,02 03 07 16 29 36,05 10 14 19 25 34,github_imanzano_2006_2017
1407,2007-03-28,04 31 33 40 42 45,05 07 12 14 21 39,03 09 14 20 24 29,04 12 16 22 26 32,github_imanzano_2006_2017
1408,2007-04-01,05 10 13 18 28 45,10 15 16 24 30 34,03 04 14 29 42 45,04 13 20 26 36 41,github_imanzano_2006_2017
1409,2007-04-04,06 07 11 27 35 43,00 01 07 11 16 44,04 13 25 32 34 36,03 04 15 25 26 30,github_imanzano_2006_2017
1410,2007-04-08,06 16 22 30 41 45,19 21 24 32 34 41,01 02 06 10 14 31,11 12 15 21 23 40,github_imanzano_2006_2017
1411,2007-04-11,07 26 30 35 42 45,02 07 11 20 35 40,12 17 29 31 40 43,02 06 22 29 37 41,github_imanzano_2006_2017
1412,2007-04-15,02 04 16 22 26 34,02 08 11 12 33 42,00 03 06 19 21 23,02 22 28 31 38 42,github_imanzano_2006_2017
1413,2007-04-18,11 19 21 24 35 36,01 06 07 30 32 43,01 05 09 11 15 21,00 06 08 16 24 39,github_imanzano_2006_2017
1414,2007-04-22,07 17 19 22 32 36,02 08 13 18 19 33,04 05 09 10 19 20,01 03 09 12 18 36,github_imanzano_2006_2017
1415,2007-04-25,01 15 23 24 27 44,04 10 18 19 31 39,08 19 22 23 29 30,00 03 08 15 18 25,github_imanzano_2006_2017
1416,2007-04-29,04 16 19 24 30 39,02 05 07 11 34 36,12 26 27 33 35 38,05 07 38 39 41 43,github_imanzano_2006_2017
1417,2007-05-02,01 11 18 34 37 40,09 12 23 31 36 37,05 07 15 22 25 38,05 16 25 27 34 42,github_imanzano_2006_2017
1418,2007-05-06,03 05 17 27 29 34,17 23 26 34 36 42,03 10 11 20 37 44,05 08 17 21 39 42,github_imanzano_2006_2017
1419,2007-05-09,03 05 10 17 22 44,00 09 13 20 28 31,02 11 26 31 40 45,00 04 25 34 36 45,github_imanzano_2006_2017
1420,2007-05-13,06 14 27 30 33 44,08 21 27 30 34 45,01 07 08 14 17 40,02 09 12 17 19 38,github_imanzano_2006_2017
1421,2007-05-16,00 09 25 28 32 36,02 06 19 26 40 43,05 08 10 23 25 27,14 19 24 26 32 39,github_imanzano_2006_2017
1422,2007-05-20,00 14 15 21 26 32,00 09 19 27 39 43,14 20 21 22 32 38,17 18 19 33 41 44,github_imanzano_2006_2017
1423,2007-05-23,05 10 14 27 28 31,00 12 18 32 41 42,06 15 16 24 31 33,07 14 20 24 26 44,github_imanzano_2006_2017
1424,2007-05-27,01 05 07 27 33 45,08 27 36 38 42 43,04 16 17 27 34 39,03 08 15 18 35 39,github_imanzano_2006_2017
1425,2007-05-30,06 13 24 33 38 43,06 09 10 14 15 31,04 20 27 35 39 43,15 19 24 27 35 42,github_imanzano_2006_2017
1426,2007-06-03,00 10 23 34 36 45,01 07 11 12 35 38,05 12 14 15 22 36,00 04 07 16 26 40,github_imanzano_2006_2017
1427,2007-06-06,02 15 17 23 25 37,09 12 16 22 24 32,07 09 17 38 43 45,02 06 18 23 40 44,github_imanzano_2006_2017
1428,2007-06-10,01 06 22 27 34 42,06 08 12 19 39 40,02 05 09 15 23 32,04 13 15 30 34 42,github_imanzano_2006_2017
1429,2007-06-13,00 17 18 22 41 44,03 08 24 37 38 40,11 33 35 36 37 44,01 09 20 27 35 43,github_imanzano_2006_2017
1430,2007-06-17,02 16 20 21 25 32,00 17 27 36 40 43,04 12 15 18 25 26,00 02 04 10 18 25,github_imanzano_2006_2017
1431,2007-06-20,02 07 28 32 34 45,05 12 17 29 32 40,01 05 06 18 27 34,13 15 26 32 38 42,github_imanzano_2006_2017
1432,2007-06-25,02 04 29 31 34 39,06 09 19 21 26 45,06 07 11 19 32 45,05 10 14 15 22 43,github_imanzano_2006_2017
1433,2007-06-27,24 28 31 33 38 44,00 01 10 19 33 44,01 04 10 19 26 30,04 06 08 12 16 45,github_imanzano_2006_2017
1434,2007-07-01,12 18 19 27 29 36,05 09 10 20 37 38,10 20 24 33 37 38,01 03 09 21 42 43,github_imanzano_2006_2017
1435,2007-07-04,01 02 04 05 41 45,03 04 05 07 08 28,01 06 10 21 30 36,02 04 12 30 33 41,github_imanzano_2006_2017
1436,2007-07-08,03 22 26 28 29 45,06 07 10 24 28 39,13 17 18 27 29 40,04 10 13 27 34 35,github_imanzano_2006_2017
1437,2007-07-11,00 23 28 30 34 37,04 10 19 23 35 36,02 03 13 19 20 30,03 25 33 36 37 40,github_imanzano_2006_2017
1438,2007-07-15,03 13 14 31 38 43,03 06 08 16 22 38,05 08 10 11 37 40,00 08 15 32 36 38,github_imanzano_2006_2017
1439,2007-07-18,23 26 28 31 37 38,11 12 14 16 17 40,05 12 32 38 40 41,14 20 24 29 30 35,github_imanzano_2006_2017
1440,2007-07-22,13 19 21 27 31 43,18 20 29 32 41 44,01 02 08 10 32 34,06 09 13 21 25 43,github_imanzano_2006_2017
1441,2007-07-25,00 12 13 14 19 27,00 16 25 40 41 45,00 07 15 23 35 37,09 13 23 25 27 32,github_imanzano_2006_2017
1442,2007-07-29,04 30 34 35 37 40,11 14 25 26 31 40,01 04 26 31 37 39,00 05 24 25 41 43,github_imanzano_2006_2017
1443,2007-08-01,02 06 30 34 42 44,28 30 32 33 34 39,05 06 13 22 36 42,00 16 21 33 34 45,github_imanzano_2006_2017
1444,2007-08-05,19 21 25 32 36 38,13 16 22 31 32 43,03 06 19 29 33 41,02 12 25 26 35 37,github_imanzano_2006_2017
1445,2007-08-08,07 10 20 26 30 33,08 22 26 29 31 36,07 10 11 19 22 44,10 31 33 34 38 41,github_imanzano_2006_2017
1446,2007-08-12,02 07 09 22 34 41,03 06 18 23 29 30,00 01 12 17 23 33,15 18 34 37 38 41,github_imanzano_2006_2017
1447,2007-08-15,11 12 18 19 23 30,07 09 13 28 33 41,06 10 12 20 22 40,22 23 33 34 35 41,github_imanzano_2006_2017
1448,2007-08-19,03 05 11 33 37 43,01 13 21 25 36 45,03 07 09 19 33 45,00 16 29 31 35 42,github_imanzano_2006_2017
1449,2007-08-22,00 05 07 19 36 40,06 08 12 20 30 37,09 20 26 28 33 40,02 10 16 20 29 36,github_imanzano_2006_2017
1450,2007-08-26,00 02 23 39 40 41,06 20 31 32 42 44,03 11 25 33 35 36,02 13 14 24 29 32,github_imanzano_2006_2017
1451,2007-08-29,05 31 34 38 41 42,10 12 18 33 34 39,12 16 17 28 31 45,22 24 30 35 43 45,github_imanzano_2006_2017
1452,2007-09-02,19 22 24 25 37 41,02 04 05 11 34 37,00 02 07 10 17 37,00 02 09 16 17 24,github_imanzano_2006_2017
1453,2007-09-05,22 27 28 33 43 44,04 14 25 29 41 45,03 12 18 20 23 35,12 13 29 34 38 45,github_imanzano_2006_2017
1454,2007-09-09,08 25 29 32 39 40,00 20 22 29 30 44,05 10 16 31 34 42,01 05 10 18 19 38,github_imanzano_2006_2017
1455,2007-09-13,22 25 32 35 36 44,06 08 09 33 34 41,11 25 26 35 36 45,01 03 12 21 32 43,github_imanzano_2006_2017
1456,2007-09-16,09 20 21 25 27 29,02 17 20 32 33 34,08 11 18 27 39 42,03 18 20 31 32 35,github_imanzano_2006_2017
1457,2007-09-19,11 19 21 27 39 41,01 28 31 39 41 43,03 09 10 13 15 40,09 18 20 27 29 39,github_imanzano_2006_2017
1458,2007-09-23,03 16 19 21 25 36,03 04 05 09 33 36,03 20 21 32 39 40,07 17 18 37 38 42,github_imanzano_2006_2017
1459,2007-09-26,10 14 20 35 37 41,14 15 25 33 36 37,02 06 17 18 20 26,02 23 24 31 36 39,github_imanzano_2006_2017
1460,2007-09-30,05 10 12 15 29 42,04 22 29 31 33 40,03 09 15 29 37 41,01 02 11 17 29 42,github_imanzano_2006_2017
1461,2007-10-03,00 28 33 35 41 42,01 03 20 25 31 37,24 27 31 36 40 44,01 21 28 38 41 44,github_imanzano_2006_2017
1462,2007-10-07,00 12 21 28 40 43,02 06 09 16 21 39,03 08 16 24 30 34,01 16 18 21 27 29,github_imanzano_2006_2017
1464,2007-10-14,02 04 19 20 27 30,13 18 22 25 28 37,03 09 11 17 30 36,02 05 15 20 37 44,github_imanzano_2006_2017
1465,2007-10-17,09 12 21 28 34 44,01 05 14 27 28 34,06 17 19 20 31 44,04 06 13 19 29 38,github_imanzano_2006_2017
1466,2007-10-21,06 08 13 18 34 41,01 08 21 28 38 41,02 18 20 21 25 36,02 23 30 32 40 42,github_imanzano_2006_2017
1467,2007-10-24,03 05 18 34 35 37,03 18 20 23 33 34,09 10 20 29 31 39,07 17 19 27 32 39,github_imanzano_2006_2017
1468,2007-10-28,01 04 16 20 30 44,05 10 13 17 19 28,09 13 24 34 38 43,07 10 13 17 23 42,github_imanzano_2006_2017
1469,2007-10-31,05 14 17 22 29 42,04 12 13 16 18 36,03 09 13 15 18 25,02 15 17 26 29 32,github_imanzano_2006_2017
1470,2007-11-04,13 22 34 35 36 42,07 09 13 15 18 39,01 02 12 23 30 31,03 10 29 37 38 41,github_imanzano_2006_2017
1471,2007-11-07,03 07 14 21 37 38,12 19 34 38 42 45,13 22 24 42 43 44,04 05 13 16 28 33,github_imanzano_2006_2017
1472,2007-11-11,00 09 11 34 42 43,04 16 19 23 36 38,01 07 24 31 40 41,02 13 18 23 39 45,github_imanzano_2006_2017
1473,2007-11-14,02 08 10 22 33 43,03 06 09 17 28 32,05 10 13 14 17 33,07 13 16 24 39 43,github_imanzano_2006_2017
1474,2007-11-18,00 19 20 21 23 26,04 10 12 23 24 33,04 05 13 14 28 35,04 16 18 21 30 39,github_imanzano_2006_2017
1475,2007-11-21,01 02 07 13 35 42,02 11 22 30 34 41,00 05 09 11 34 40,00 05 09 15 37 38,github_imanzano_2006_2017
1476,2007-11-25,02 06 19 28 34 43,06 08 10 22 26 41,07 21 22 23 33 42,00 03 16 28 31 38,github_imanzano_2006_2017
1477,2007-11-28,05 12 20 34 38 40,11 14 19 26 30 31,02 19 24 26 30 37,05 11 18 20 22 37,github_imanzano_2006_2017
1478,2007-12-02,04 07 21 24 32 39,03 15 20 30 36 44,07 21 34 37 39 44,06 17 22 24 29 40,github_imanzano_2006_2017
1479,2007-12-05,05 08 16 34 38 39,02 06 10 15 22 42,01 08 14 23 39 41,08 11 16 18 19 29,github_imanzano_2006_2017
1480,2007-12-09,20 25 27 28 35 38,13 23 30 32 42 43,02 13 30 39 41 43,02 06 19 20 26 27,github_imanzano_2006_2017
1481,2007-12-12,09 13 14 21 23 34,09 13 18 31 33 35,00 01 20 21 25 44,03 04 05 07 22 41,github_imanzano_2006_2017
1482,2007-12-16,02 05 26 28 30 34,01 11 20 25 42 44,06 12 24 33 34 39,19 22 26 31 32 41,github_imanzano_2006_2017
1483,2007-12-19,00 04 18 28 32 38,09 14 15 35 38 44,11 12 13 18 31 44,08 14 15 18 33 40,github_imanzano_2006_2017
1484,2007-12-23,09 17 18 23 26 43,14 18 21 23 27 34,04 16 21 26 30 41,06 09 15 17 23 25,github_imanzano_2006_2017
1485,2007-12-30,01 27 34 41 43 45,03 26 30 31 32 38,07 11 22 33 35 44,01 17 19 25 34 38,github_imanzano_2006_2017
1486,2008-01-06,00 05 25 27 38 44,01 04 08 24 34 40,03 06 11 14 37 40,03 09 15 20 22 37,github_imanzano_2006_2017
1487,2008-01-09,02 06 18 25 26 38,02 05 32 36 38 40,10 15 23 26 38 43,04 08 10 21 31 34,github_imanzano_2006_2017
1488,2008-01-13,00 10 12 19 21 33,08 10 21 32 41 44,00 11 18 19 26 35,06 07 18 22 29 33,github_imanzano_2006_2017
1489,2008-01-16,00 06 08 17 32 43,02 17 18 20 23 38,01 04 12 27 41 42,08 11 12 13 22 41,github_imanzano_2006_2017
1490,2008-01-20,13 19 23 27 30 43,02 06 09 24 25 34,05 07 15 18 20 43,02 05 19 33 39 41,github_imanzano_2006_2017
1491,2008-01-23,01 11 32 34 37 43,11 20 23 25 30 40,12 17 21 22 24 44,12 16 23 37 39 44,github_imanzano_2006_2017
1492,2008-01-27,07 20 22 29 35 40,11 21 27 33 35 38,05 14 21 25 32 44,06 10 17 18 20 22,github_imanzano_2006_2017
1493,2008-01-30,16 25 31 37 40 44,01 06 10 12 35 44,00 04 16 25 27 44,02 06 10 15 18 38,github_imanzano_2006_2017
1494,2008-02-03,01 03 04 06 12 25,04 06 16 21 33 38,03 11 14 27 40 43,07 12 16 20 36 38,github_imanzano_2006_2017
1495,2008-02-06,06 25 29 31 41 44,00 02 12 23 32 45,03 14 19 26 31 33,02 11 26 34 36 42,github_imanzano_2006_2017
1496,2008-02-10,21 25 30 33 35 36,22 30 31 36 39 40,01 02 15 24 37 39,08 10 12 29 34 38,github_imanzano_2006_2017
1497,2008-02-13,06 22 29 35 36 44,06 09 22 27 31 37,06 10 15 17 18 45,10 19 21 29 31 33,github_imanzano_2006_2017
1498,2008-02-17,02 05 09 10 28 43,01 10 15 26 28 42,07 09 16 30 40 42,01 09 13 21 24 41,github_imanzano_2006_2017
1499,2008-02-20,02 19 26 30 39 42,06 17 23 40 42 45,07 12 21 37 42 43,01 02 06 21 23 41,github_imanzano_2006_2017
1500,2008-02-24,15 16 24 31 38 41,03 05 09 12 32 35,05 06 18 26 29 34,04 08 09 26 27 40,github_imanzano_2006_2017
1501,2008-02-27,00 06 13 17 23 45,10 26 27 29 33 42,00 07 20 28 34 36,20 21 25 33 41 44,github_imanzano_2006_2017
1502,2008-03-02,09 12 20 30 39 42,05 11 15 27 33 45,06 09 19 26 32 37,00 01 02 04 16 29,github_imanzano_2006_2017
1503,2008-03-05,01 08 23 29 41 43,05 12 13 15 20 45,05 08 09 12 20 36,00 04 09 18 22 31,github_imanzano_2006_2017
1504,2008-03-10,02 03 10 26 33 37,02 05 27 37 43 44,01 08 11 15 36 37,12 13 14 20 40 45,github_imanzano_2006_2017
1505,2008-03-12,01 22 23 27 32 35,04 09 14 19 27 44,01 03 10 21 31 41,02 07 12 23 26 36,github_imanzano_2006_2017
1506,2008-03-16,03 06 12 23 30 41,03 04 10 20 35 44,13 24 25 28 36 45,04 06 38 41 42 45,github_imanzano_2006_2017
1507,2008-03-19,03 06 14 31 33 41,02 07 13 17 31 45,01 04 07 19 23 36,21 23 28 29 39 44,github_imanzano_2006_2017
1508,2008-03-23,01 04 08 16 26 43,08 11 12 13 17 45,06 12 13 14 25 31,06 13 18 19 42 44,github_imanzano_2006_2017
1509,2008-03-26,24 26 37 38 41 44,17 22 24 34 41 44,00 09 12 14 17 42,05 16 18 19 24 31,github_imanzano_2006_2017
1510,2008-03-30,02 06 07 15 34 36,09 10 34 35 36 44,07 09 10 15 26 35,15 17 18 21 24 39,github_imanzano_2006_2017
1511,2008-04-02,09 11 23 30 33 44,15 16 19 27 38 40,01 03 23 24 27 37,06 09 32 34 35 43,github_imanzano_2006_2017
1512,2008-04-06,08 09 31 38 39 44,05 11 15 34 35 45,18 21 22 23 32 42,03 07 14 15 41 44,github_imanzano_2006_2017
1513,2008-04-09,15 28 31 35 39 42,03 14 15 18 20 41,06 12 13 17 18 41,08 12 25 26 27 40,github_imanzano_2006_2017
1514,2008-04-13,11 19 21 25 35 40,03 15 20 23 24 42,12 14 22 31 35 45,01 03 09 14 35 41,github_imanzano_2006_2017
1515,2008-04-17,02 06 07 14 29 38,00 14 18 24 27 29,03 05 06 17 19 31,03 15 23 26 44 45,github_imanzano_2006_2017
1516,2008-04-20,04 14 18 30 36 45,03 17 22 26 42 45,03 15 18 33 39 44,00 09 12 13 23 24,github_imanzano_2006_2017
1517,2008-04-23,02 03 10 33 34 37,07 13 15 20 27 38,01 09 13 19 29 36,04 08 10 11 23 28,github_imanzano_2006_2017
1518,2008-04-27,13 15 24 26 36 40,00 04 16 18 19 22,03 07 13 26 32 36,03 08 16 34 36 39,github_imanzano_2006_2017
1519,2008-04-30,20 21 22 35 38 43,11 13 21 31 44 45,16 22 26 31 40 42,18 21 30 38 39 43,github_imanzano_2006_2017
1520,2008-05-04,00 12 18 20 26 29,06 11 24 28 36 39,01 06 20 28 34 41,04 29 39 41 44 45,github_imanzano_2006_2017
1521,2008-05-07,02 05 07 23 24 25,03 10 12 23 25 43,01 06 07 09 10 35,01 11 12 17 21 24,github_imanzano_2006_2017
1522,2008-05-11,04 27 35 38 39 43,08 13 25 26 28 38,06 13 15 25 35 42,01 06 21 30 32 45,github_imanzano_2006_2017
1523,2008-05-14,03 06 27 29 36 43,00 21 28 29 37 44,00 10 11 25 41 44,05 17 19 33 34 44,github_imanzano_2006_2017
1524,2008-05-18,07 08 25 26 28 32,16 22 23 29 38 42,11 13 29 32 42 44,07 10 16 31 35 45,github_imanzano_2006_2017
1525,2008-05-21,09 22 26 30 38 43,01 04 10 11 15 27,02 06 09 20 24 32,17 20 23 30 37 45,github_imanzano_2006_2017
1526,2008-05-25,13 26 28 29 33 40,13 15 24 25 41 45,17 21 28 37 43 44,00 06 07 09 35 45,github_imanzano_2006_2017
1527,2008-05-28,08 17 20 21 27 28,10 21 26 31 35 42,01 18 35 36 40 41,01 02 17 26 30 36,github_imanzano_2006_2017
1528,2008-06-02,03 11 19 23 29 35,09 11 16 26 29 45,18 28 30 38 39 43,01 02 06 20 28 33,github_imanzano_2006_2017
1529,2008-06-04,03 19 22 28 36 40,04 07 09 14 16 41,03 04 11 16 18 36,09 10 12 14 26 31,github_imanzano_2006_2017
1530,2008-06-08,06 07 24 30 31 32,00 03 07 18 21 23,00 04 25 29 33 35,03 06 20 29 39 41,github_imanzano_2006_2017
1531,2008-06-11,07 09 15 29 31 37,03 04 13 22 39 43,08 10 18 33 39 43,01 04 08 19 20 33,github_imanzano_2006_2017
1532,2008-06-15,09 15 16 17 19 21,17 19 25 33 38 45,03 10 11 16 31 37,00 08 26 32 42 45,github_imanzano_2006_2017
1533,2008-06-18,07 11 14 28 32 44,03 11 14 18 30 33,04 05 06 21 27 38,14 21 28 31 33 34,github_imanzano_2006_2017
1534,2008-06-22,20 22 24 29 41 43,06 07 16 23 25 39,04 06 07 12 19 30,01 08 11 37 38 39,github_imanzano_2006_2017
1535,2008-06-25,06 27 30 35 41 44,09 15 16 30 40 43,11 20 21 29 36 42,04 11 18 19 36 44,github_imanzano_2006_2017
1536,2008-06-29,03 19 23 29 34 39,08 10 22 30 33 36,18 27 32 33 37 41,06 21 23 28 37 43,github_imanzano_2006_2017
1537,2008-07-02,01 16 24 36 38 42,03 06 15 19 24 28,04 14 20 22 34 39,03 08 09 10 20 38,github_imanzano_2006_2017
1538,2008-07-06,01 04 16 17 25 36,03 12 13 30 32 44,08 10 18 35 36 43,05 24 27 31 33 38,github_imanzano_2006_2017
1539,2008-07-09,12 21 27 30 31 34,05 08 12 16 28 36,02 03 04 28 29 32,05 10 16 18 20 23,github_imanzano_2006_2017
1540,2008-07-13,08 09 15 26 28 44,06 08 18 24 33 43,03 09 10 17 28 29,02 17 19 24 35 36,github_imanzano_2006_2017
1541,2008-07-16,09 25 33 35 36 44,01 17 22 25 34 35,05 10 26 28 31 33,03 07 10 19 21 34,github_imanzano_2006_2017
1542,2008-07-20,01 18 30 35 42 43,04 10 11 17 34 42,15 26 30 38 39 45,03 05 10 12 20 25,github_imanzano_2006_2017
1543,2008-07-23,07 10 18 19 30 32,00 03 05 14 22 37,13 14 25 29 40 45,07 22 25 30 41 42,github_imanzano_2006_2017
1544,2008-07-27,09 12 17 25 35 42,00 17 19 34 35 39,06 08 14 21 22 30,09 11 16 17 22 34,github_imanzano_2006_2017
1545,2008-07-30,00 04 08 11 31 38,02 19 23 34 35 42,07 10 17 20 39 40,01 04 11 18 27 29,github_imanzano_2006_2017
1546,2008-08-04,16 17 23 24 31 40,19 24 33 42 43 44,01 14 15 26 27 28,05 11 15 17 24 25,github_imanzano_2006_2017
1547,2008-08-06,08 13 22 27 37 40,00 11 15 20 29 33,04 21 28 29 32 40,06 07 13 18 23 36,github_imanzano_2006_2017
1548,2008-08-10,07 14 23 24 27 29,07 21 24 27 30 33,01 03 10 24 33 36,05 06 10 11 15 35,github_imanzano_2006_2017
1549,2008-08-13,05 28 31 32 37 39,06 23 24 28 31 42,01 07 13 15 16 17,05 13 15 27 28 35,github_imanzano_2006_2017
1550,2008-08-17,09 12 15 23 29 36,04 10 16 23 28 34,03 05 10 12 37 43,05 08 20 27 32 43,github_imanzano_2006_2017
1551,2008-08-20,16 20 25 27 31 42,09 20 26 29 33 34,03 10 15 22 26 42,10 11 14 19 39 40,github_imanzano_2006_2017
1552,2008-08-24,03 04 13 20 38 43,14 16 27 32 36 45,02 05 20 29 41 42,12 14 16 30 33 42,github_imanzano_2006_2017
1553,2008-08-27,11 19 30 37 40 41,00 05 10 27 35 37,05 11 12 27 29 36,10 15 17 20 21 22,github_imanzano_2006_2017
1554,2008-08-31,10 16 20 22 31 44,04 07 12 18 26 32,04 05 11 20 24 33,05 12 14 35 41 44,github_imanzano_2006_2017
1555,2008-09-03,16 22 29 30 33 35,10 19 20 32 35 37,03 04 20 21 34 37,08 17 23 28 32 39,github_imanzano_2006_2017
1556,2008-09-07,19 31 33 37 39 45,10 12 16 19 21 38,16 17 24 27 29 33,02 17 26 27 30 45,github_imanzano_2006_2017
1557,2008-09-10,21 23 27 29 41 43,10 25 33 35 37 43,05 14 15 29 37 38,11 17 21 23 38 43,github_imanzano_2006_2017
1558,2008-09-14,16 20 27 39 44 45,12 13 24 29 36 45,01 04 10 15 18 24,05 15 28 29 34 40,github_imanzano_2006_2017
1559,2008-09-17,01 02 19 39 40 42,02 04 14 23 30 43,14 19 26 29 36 37,03 15 24 25 33 45,github_imanzano_2006_2017
1560,2008-09-21,00 05 19 26 34 41,11 15 18 21 33 35,01 11 12 19 23 25,04 12 13 17 19 35,github_imanzano_2006_2017
1561,2008-09-24,02 18 29 36 37 39,12 15 24 32 34 40,10 14 15 24 25 34,05 16 22 32 33 41,github_imanzano_2006_2017
1562,2008-09-28,04 14 21 31 32 40,03 20 25 26 33 37,08 10 11 16 33 44,10 13 21 22 28 34,github_imanzano_2006_2017
1563,2008-10-01,13 21 26 28 33 35,04 21 25 36 39 40,05 14 21 23 26 38,05 08 29 34 35 42,github_imanzano_2006_2017
1564,2008-10-05,05 06 07 15 38 39,01 02 08 16 26 38,03 17 18 26 32 35,09 12 13 35 42 44,github_imanzano_2006_2017
1565,2008-10-08,09 18 19 28 35 44,09 10 20 21 24 38,01 12 20 22 32 39,18 19 23 27 37 40,github_imanzano_2006_2017
1566,2008-10-12,02 13 22 26 33 42,16 22 23 31 34 41,08 09 18 34 36 40,07 10 18 24 34 40,github_imanzano_2006_2017
1567,2008-10-15,20 22 31 34 35 38,10 17 28 29 36 43,00 04 14 15 18 36,05 15 18 36 39 45,github_imanzano_2006_2017
1568,2008-10-19,06 08 12 27 33 39,00 15 21 25 29 30,00 05 06 19 37 43,08 22 27 31 36 43,github_imanzano_2006_2017
1569,2008-10-22,03 05 22 28 30 33,00 01 02 08 16 30,00 15 22 30 36 38,08 18 29 33 41 42,github_imanzano_2006_2017
1570,2008-10-26,07 08 09 13 22 38,08 12 17 30 35 36,02 08 09 11 12 41,04 08 10 17 34 42,github_imanzano_2006_2017
1571,2008-10-29,07 11 15 20 21 27,02 06 08 12 26 43,11 18 19 25 30 44,06 12 20 23 28 31,github_imanzano_2006_2017
1572,2008-11-02,10 18 22 30 32 42,00 02 07 14 21 30,05 06 11 21 28 42,03 04 06 14 28 38,github_imanzano_2006_2017
1573,2008-11-05,06 11 28 30 35 37,02 06 09 13 33 40,04 06 18 22 40 43,20 21 28 32 36 37,github_imanzano_2006_2017
1574,2008-11-09,00 05 10 12 19 32,09 10 17 22 29 32,07 15 19 32 44 45,06 19 28 36 38 39,github_imanzano_2006_2017
1575,2008-11-12,02 25 26 29 34 39,01 13 24 26 32 33,04 08 11 22 24 43,07 09 13 19 34 41,github_imanzano_2006_2017
1576,2008-11-16,01 02 32 34 35 39,01 07 14 26 36 39,10 13 21 27 33 40,08 11 15 30 40 45,github_imanzano_2006_2017
1577,2008-11-19,07 15 20 29 34 45,01 05 07 13 28 38,01 02 05 16 30 36,02 08 17 24 25 32,github_imanzano_2006_2017
1578,2008-11-24,00 08 26 33 39 45,00 05 09 23 32 34,00 03 11 15 23 30,20 21 22 24 35 38,github_imanzano_2006_2017
1579,2008-11-26,09 13 15 18 35 43,03 09 15 24 30 39,08 22 26 36 37 45,03 12 20 30 40 45,github_imanzano_2006_2017
1580,2008-11-30,01 08 14 20 33 39,01 10 11 15 42 45,04 09 22 27 31 40,07 13 20 22 29 41,github_imanzano_2006_2017
1581,2008-12-03,10 22 34 36 41 45,00 06 11 35 39 44,06 10 12 13 20 33,04 10 11 25 27 33,github_imanzano_2006_2017
1582,2008-12-07,06 20 23 34 41 42,05 15 22 25 34 40,13 14 21 29 33 35,04 06 08 23 40 45,github_imanzano_2006_2017
1583,2008-12-11,00 04 11 12 22 41,01 02 07 21 40 41,02 15 16 25 38 44,00 05 23 26 28 42,github_imanzano_2006_2017
1584,2008-12-14,06 11 21 38 43 44,07 10 15 35 36 37,01 04 07 20 36 42,06 13 18 24 34 40,github_imanzano_2006_2017
1585,2008-12-18,06 10 15 16 32 36,00 02 05 06 16 33,05 09 13 16 18 19,05 24 26 31 44 45,github_imanzano_2006_2017
1586,2008-12-21,01 24 26 27 35 43,09 11 17 25 27 38,03 24 33 34 42 44,08 10 14 18 29 45,github_imanzano_2006_2017
1587,2008-12-24,18 19 22 34 37 45,07 08 30 31 38 40,05 14 19 28 31 44,00 04 12 15 36 44,github_imanzano_2006_2017
1588,2008-12-28,04 13 20 27 34 40,13 17 18 19 21 42,01 13 23 25 37 43,05 10 26 35 39 42,github_imanzano_2006_2017
1589,2008-12-31,20 21 28 38 39 45,04 05 11 19 31 35,11 16 21 33 34 40,01 08 16 20 26 44,github_imanzano_2006_2017
1590,2009-01-04,03 08 11 14 25 33,04 05 15 19 30 41,12 17 30 32 33 39,00 16 22 29 34 37,github_imanzano_2006_2017
1591,2009-01-07,03 10 12 20 23 26,07 08 10 34 37 44,01 05 22 24 27 38,00 05 17 25 27 44,github_imanzano_2006_2017
1592,2009-01-11,01 13 19 22 31 40,01 29 33 34 39 40,02 10 18 24 29 41,00 08 13 29 31 32,github_imanzano_2006_2017
1593,2009-01-14,06 08 12 30 35 40,00 18 20 35 38 39,03 09 10 19 27 32,13 14 25 39 40 43,github_imanzano_2006_2017
1594,2009-01-18,03 04 16 19 30 43,01 11 14 25 26 38,01 17 31 32 41 43,06 13 19 26 29 40,github_imanzano_2006_2017
1595,2009-01-21,03 27 29 31 32 41,02 07 27 28 43 44,00 10 17 21 30 38,08 13 15 24 33 37,github_imanzano_2006_2017
1596,2009-01-25,16 17 26 27 39 40,15 16 19 35 43 45,08 09 13 15 20 35,06 13 25 27 36 43,github_imanzano_2006_2017
1597,2009-01-28,20 28 30 31 32 45,02 05 07 21 23 26,01 09 16 26 27 31,02 08 11 20 32 45,github_imanzano_2006_2017
1598,2009-02-01,06 07 24 25 33 39,11 14 30 35 38 41,03 04 12 15 30 38,02 04 15 24 31 42,github_imanzano_2006_2017
1599,2009-02-04,22 26 27 37 40 43,04 08 09 16 18 27,02 07 13 22 25 43,02 03 13 14 31 44,github_imanzano_2006_2017
1600,2009-02-08,09 15 25 30 36 42,06 17 26 32 34 42,03 04 26 30 32 34,00 02 19 25 26 27,github_imanzano_2006_2017
1601,2009-02-11,03 07 18 25 35 44,07 08 12 21 31 36,04 09 13 19 42 45,04 07 08 11 14 28,github_imanzano_2006_2017
1602,2009-02-15,02 03 04 20 27 45,12 16 23 27 29 35,00 09 15 16 31 41,16 18 19 22 30 32,github_imanzano_2006_2017
1603,2009-02-18,03 19 23 28 35 39,08 14 17 18 34 36,00 10 21 22 32 33,05 08 22 27 30 44,github_imanzano_2006_2017
1604,2009-02-22,02 03 16 20 37 43,08 10 16 28 34 37,05 07 12 24 33 36,03 13 28 29 33 34,github_imanzano_2006_2017
1605,2009-02-25,10 14 16 17 32 33,11 21 22 32 36 40,02 03 05 15 26 41,00 14 15 25 27 36,github_imanzano_2006_2017
1606,2009-03-01,02 06 09 12 17 39,02 07 16 18 23 26,01 11 27 30 35 44,02 11 16 27 28 40,github_imanzano_2006_2017
1607,2009-03-04,04 10 15 18 21 34,00 07 16 20 24 37,03 05 07 12 18 33,00 02 15 18 38 43,github_imanzano_2006_2017
1608,2009-03-08,04 06 15 21 27 35,05 09 12 19 22 36,02 11 26 30 35 40,09 15 16 22 33 40,github_imanzano_2006_2017
1609,2009-03-11,00 14 18 32 34 42,05 07 14 20 25 33,03 07 16 19 23 45,02 07 09 19 21 37,github_imanzano_2006_2017
1610,2009-03-15,01 03 24 28 30 39,04 05 07 17 30 43,13 14 16 27 34 43,05 13 16 31 40 41,github_imanzano_2006_2017
1611,2009-03-19,00 09 25 26 30 45,09 18 25 27 28 31,00 06 20 31 42 45,02 03 04 05 08 44,github_imanzano_2006_2017
1612,2009-03-22,03 06 07 17 37 44,02 04 12 24 29 37,04 07 17 31 32 38,02 10 22 25 30 40,github_imanzano_2006_2017
1613,2009-03-25,09 23 28 31 41 45,05 10 12 23 30 40,09 14 30 35 37 40,06 21 28 29 33 35,github_imanzano_2006_2017
1614,2009-03-29,05 10 20 28 39 41,19 22 30 32 39 45,04 06 15 32 33 38,01 08 15 22 32 34,github_imanzano_2006_2017
1615,2009-04-01,10 24 25 26 28 42,04 08 10 31 41 45,00 07 09 26 30 35,03 18 24 25 30 38,github_imanzano_2006_2017
1616,2009-04-05,02 14 21 29 33 43,04 08 20 24 26 28,02 09 16 30 34 41,01 30 35 37 42 44,github_imanzano_2006_2017
1617,2009-04-08,17 27 32 34 36 44,14 16 18 25 29 35,04 10 20 36 39 40,02 06 18 21 36 45,github_imanzano_2006_2017
1618,2009-04-12,00 02 10 21 22 25,01 02 26 30 32 44,10 12 15 23 29 31,00 03 05 09 25 30,github_imanzano_2006_2017
1619,2009-04-15,06 22 23 35 37 45,01 08 13 28 31 36,07 08 25 33 34 42,07 11 15 36 38 44,github_imanzano_2006_2017
1620,2009-04-19,03 06 11 28 42 44,02 18 26 29 32 43,09 22 28 30 33 41,05 08 12 20 27 30,github_imanzano_2006_2017
1621,2009-04-22,08 12 20 28 36 40,01 14 18 20 39 45,04 09 20 30 31 43,05 17 20 28 30 40,github_imanzano_2006_2017
1622,2009-04-26,02 14 16 21 35 36,15 17 18 20 23 30,02 11 16 22 28 42,11 13 14 20 31 41,github_imanzano_2006_2017
1623,2009-04-29,10 11 19 20 35 36,08 18 26 33 34 41,12 21 35 37 39 45,04 05 10 14 33 44,github_imanzano_2006_2017
1624,2009-05-03,01 02 11 22 28 34,02 09 18 26 32 40,02 06 09 22 23 25,09 11 18 27 34 45,github_imanzano_2006_2017
1625,2009-05-06,05 07 12 17 25 35,02 11 13 21 22 29,09 19 20 22 32 35,14 25 27 36 38 41,github_imanzano_2006_2017
1626,2009-05-11,02 25 27 35 37 38,01 11 13 32 35 42,01 03 11 20 31 37,00 04 13 16 18 32,github_imanzano_2006_2017
1627,2009-05-13,02 03 09 16 21 32,05 08 25 28 37 45,11 31 33 34 42 43,05 13 19 24 29 34,github_imanzano_2006_2017
1628,2009-05-17,07 08 09 19 25 35,07 12 17 27 36 40,04 05 11 13 32 44,02 06 07 20 41 44,github_imanzano_2006_2017
1629,2009-05-20,02 03 18 30 31 36,03 11 28 29 41 43,02 14 22 29 33 41,01 10 14 29 30 34,github_imanzano_2006_2017
1630,2009-05-24,11 26 37 40 44 45,01 04 13 16 22 41,02 04 13 20 32 35,11 15 19 25 42 44,github_imanzano_2006_2017
1631,2009-05-27,04 10 13 14 16 42,00 06 20 23 44 45,10 17 20 24 25 29,10 29 30 35 43 45,github_imanzano_2006_2017
1632,2009-06-01,21 29 30 31 35 45,08 13 14 18 21 39,01 20 21 24 33 38,00 14 15 26 35 43,github_imanzano_2006_2017
1633,2009-06-03,09 13 14 17 18 38,11 16 26 36 39 42,02 05 06 21 31 36,11 14 27 33 40 44,github_imanzano_2006_2017
1634,2009-06-07,06 07 16 32 37 44,03 05 18 23 35 45,00 09 15 26 31 35,13 21 22 26 29 33,github_imanzano_2006_2017
1635,2009-06-10,05 08 10 22 27 37,01 02 09 12 14 37,00 03 14 15 23 38,04 09 15 22 32 39,github_imanzano_2006_2017
1636,2009-06-14,04 09 11 12 13 33,14 23 29 32 35 41,10 13 22 29 36 39,07 10 19 22 31 44,github_imanzano_2006_2017
1637,2009-06-17,08 11 22 25 27 36,00 11 12 29 32 41,12 19 23 29 32 36,01 05 07 21 27 43,github_imanzano_2006_2017
1638,2009-06-21,06 07 29 37 41 43,23 26 30 35 37 42,01 05 10 33 35 39,06 11 30 34 38 42,github_imanzano_2006_2017
1639,2009-06-25,02 10 20 31 32 38,11 12 13 21 30 42,02 04 12 19 30 42,01 08 09 22 30 34,github_imanzano_2006_2017
1640,2009-06-28,02 03 04 20 24 44,02 09 13 38 42 44,14 17 18 34 36 39,26 28 29 30 35 39,github_imanzano_2006_2017
1641,2009-07-01,05 06 15 17 38 39,03 12 15 17 36 40,06 17 18 21 30 36,14 15 19 25 31 34,github_imanzano_2006_2017
1642,2009-07-05,12 14 15 17 20 26,08 15 21 24 31 36,04 11 16 19 26 37,03 15 20 37 41 45,github_imanzano_2006_2017
1643,2009-07-08,01 02 09 32 37 40,10 20 21 37 40 45,07 10 14 16 21 36,06 21 22 29 35 36,github_imanzano_2006_2017
1644,2009-07-12,06 25 31 32 34 45,03 05 07 08 11 13,11 18 25 30 33 43,13 19 27 34 37 42,github_imanzano_2006_2017
1645,2009-07-15,03 04 23 33 34 41,24 30 38 39 40 42,03 06 10 18 34 42,02 10 12 20 29 42,github_imanzano_2006_2017
1646,2009-07-19,04 06 07 20 34 40,00 11 15 19 21 45,11 14 15 16 19 34,02 07 17 31 37 40,github_imanzano_2006_2017
1647,2009-07-22,01 04 13 15 20 43,15 19 28 36 38 43,14 15 16 24 28 43,07 09 28 32 36 43,github_imanzano_2006_2017
1648,2009-07-26,02 09 15 20 26 39,07 08 10 12 13 33,10 13 17 18 22 29,07 08 28 39 43 44,github_imanzano_2006_2017
1649,2009-07-29,11 15 19 22 30 36,03 04 05 20 35 45,11 12 20 27 38 44,00 01 06 23 24 33,github_imanzano_2006_2017
1650,2009-08-03,00 08 23 30 34 35,10 16 21 24 34 37,02 12 13 14 20 39,05 14 23 32 43 45,github_imanzano_2006_2017
1651,2009-08-05,07 10 21 30 32 43,03 09 22 30 40 43,02 14 20 24 25 35,02 03 06 10 21 39,github_imanzano_2006_2017
1652,2009-08-09,09 21 26 27 41 44,09 10 13 35 38 40,10 11 12 21 36 41,14 15 21 22 32 40,github_imanzano_2006_2017
1653,2009-08-12,00 05 10 14 17 30,04 07 18 19 25 43,09 10 15 34 37 41,04 07 17 31 37 45,github_imanzano_2006_2017
1654,2009-08-16,04 09 34 36 41 42,05 09 23 26 29 32,02 03 18 20 26 33,09 14 25 31 34 45,github_imanzano_2006_2017
1655,2009-08-19,07 14 33 35 42 44,04 09 21 23 25 29,01 09 23 29 39 44,07 09 10 15 41 42,github_imanzano_2006_2017
1656,2009-08-23,15 20 24 26 28 42,07 10 21 26 31 43,21 23 24 25 32 41,00 20 22 29 41 44,github_imanzano_2006_2017
1657,2009-08-26,01 09 15 23 33 36,01 07 08 15 16 39,04 18 19 27 32 44,12 14 16 30 38 44,github_imanzano_2006_2017
1658,2009-08-30,00 05 17 26 32 42,05 06 27 33 41 45,02 04 07 31 36 42,14 15 20 22 32 36,github_imanzano_2006_2017
1659,2009-09-02,01 06 08 18 26 40,00 01 11 16 27 33,14 20 21 36 41 45,03 18 24 26 41 42,github_imanzano_2006_2017
1660,2009-09-06,05 07 12 32 39 40,07 12 17 29 31 38,00 08 15 16 36 45,03 05 06 08 16 18,github_imanzano_2006_2017
1661,2009-09-09,02 23 24 27 28 45,16 24 27 31 42 45,07 13 14 21 23 44,07 11 13 14 20 31,github_imanzano_2006_2017
1662,2009-09-13,05 09 12 19 27 31,05 10 11 15 41 42,00 01 21 28 29 40,09 18 20 24 33 44,github_imanzano_2006_2017
1663,2009-09-16,13 23 28 32 34 41,11 19 26 27 36 40,02 13 18 32 33 36,00 02 05 08 24 30,github_imanzano_2006_2017
1664,2009-09-20,05 07 15 20 36 41,02 10 12 14 29 33,01 03 26 28 32 45,00 15 31 38 41 45,github_imanzano_2006_2017
1665,2009-09-23,14 18 28 33 41 43,09 16 18 21 41 44,02 03 15 34 35 37,02 17 18 31 35 40,github_imanzano_2006_2017
1666,2009-09-28,00 01 08 30 34 37,00 07 20 27 36 43,03 13 20 26 35 44,05 19 24 26 33 45,github_imanzano_2006_2017
1667,2009-09-30,05 16 17 31 34 37,00 01 20 25 35 41,01 04 13 18 24 33,03 04 06 14 21 45,github_imanzano_2006_2017
1668,2009-10-04,03 14 18 22 30 33,04 05 08 14 43 44,03 06 08 16 22 38,12 20 22 23 24 34,github_imanzano_2006_2017
1669,2009-10-07,16 17 26 41 42 43,05 11 19 23 28 33,04 07 26 29 40 44,05 08 19 25 26 29,github_imanzano_2006_2017
1670,2009-10-11,24 30 34 39 41 43,02 04 21 29 41 45,01 06 23 25 37 41,09 14 25 27 36 38,github_imanzano_2006_2017
1671,2009-10-14,07 10 12 13 14 35,11 16 28 30 32 41,08 16 19 30 32 44,09 12 21 26 34 42,github_imanzano_2006_2017
1672,2009-10-18,11 19 20 23 24 40,05 11 16 17 24 27,01 04 08 09 26 40,05 12 17 39 40 43,github_imanzano_2006_2017
1673,2009-10-21,06 09 25 36 42 44,01 08 10 38 39 42,04 15 24 30 31 37,05 15 24 26 36 40,github_imanzano_2006_2017
1674,2009-10-25,09 13 24 27 32 36,00 10 11 16 40 41,19 23 26 27 39 40,00 03 11 13 25 32,github_imanzano_2006_2017
1675,2009-10-28,04 14 17 29 37 42,04 10 26 34 36 45,09 17 21 28 40 42,01 02 09 18 37 45,github_imanzano_2006_2017
1676,2009-11-01,02 08 11 35 36 42,05 14 17 18 39 42,05 11 19 25 32 44,00 06 08 30 39 43,github_imanzano_2006_2017
1677,2009-11-04,16 18 20 21 22 38,10 12 25 33 36 45,02 04 05 18 25 43,02 03 06 11 21 40,github_imanzano_2006_2017
1678,2009-11-08,06 08 14 26 33 42,14 15 23 25 29 41,00 09 10 11 35 41,11 13 19 30 32 34,github_imanzano_2006_2017
1679,2009-11-11,13 14 30 32 40 41,12 15 17 19 20 25,19 25 26 31 43 44,07 15 21 27 29 43,github_imanzano_2006_2017
1680,2009-11-15,04 13 19 32 34 39,17 23 29 30 34 38,07 18 19 29 32 39,08 16 31 35 40 41,github_imanzano_2006_2017
1681,2009-11-18,00 01 14 16 22 41,00 05 14 18 28 38,00 03 11 18 36 37,05 14 15 30 38 39,github_imanzano_2006_2017
1682,2009-11-22,10 25 27 36 40 42,01 06 12 13 14 27,13 18 29 33 36 45,18 36 37 38 41 45,github_imanzano_2006_2017
1683,2009-11-25,04 15 22 24 39 43,14 21 22 32 35 37,00 15 20 26 39 42,00 06 11 13 37 44,github_imanzano_2006_2017
1684,2009-11-29,05 06 07 20 21 31,03 10 11 16 22 35,01 02 21 25 26 34,23 29 31 34 36 38,github_imanzano_2006_2017
1685,2009-12-02,02 16 17 18 26 38,00 01 03 10 14 44,13 14 20 25 34 36,11 13 24 32 36 41,github_imanzano_2006_2017
1686,2009-12-06,25 28 29 30 35 37,04 14 19 28 30 31,05 08 10 11 27 37,20 24 32 35 39 44,github_imanzano_2006_2017
1687,2009-12-09,06 08 09 15 25 40,00 03 16 24 33 37,06 07 08 10 25 32,01 03 25 27 32 42,github_imanzano_2006_2017
1688,2009-12-13,08 21 25 28 30 33,08 19 23 26 29 42,01 02 04 21 30 41,04 20 21 25 29 36,github_imanzano_2006_2017
1689,2009-12-16,07 13 17 18 26 43,02 10 27 28 31 42,05 07 23 37 40 44,08 10 17 31 35 43,github_imanzano_2006_2017
1690,2009-12-20,06 22 27 29 34 37,01 04 10 12 35 41,08 09 11 12 36 37,09 12 26 31 32 40,github_imanzano_2006_2017
1691,2009-12-23,03 04 10 25 30 37,00 07 08 33 34 42,03 08 14 23 36 44,04 10 13 17 34 45,github_imanzano_2006_2017
1692,2009-12-27,07 08 23 31 39 45,08 09 12 15 18 32,01 02 08 14 32 35,17 18 20 23 28 34,github_imanzano_2006_2017
1693,2009-12-30,06 09 12 18 36 45,12 31 32 34 35 36,00 02 03 09 20 30,05 06 08 09 24 25,github_imanzano_2006_2017
1694,2010-01-03,15 18 19 25 26 35,04 05 09 19 21 22,01 05 07 11 38 43,10 12 16 32 41 42,github_imanzano_2006_2017
1695,2010-01-06,00 11 22 23 43 45,04 12 19 20 21 34,07 11 13 18 27 38,06 15 29 32 40 41,github_imanzano_2006_2017
1696,2010-01-10,13 19 20 25 34 44,06 14 39 40 41 43,08 12 15 17 20 40,03 14 25 28 31 43,github_imanzano_2006_2017
1697,2010-01-13,04 05 07 09 13 34,05 11 16 22 28 37,14 22 27 30 34 39,07 13 14 25 28 35,github_imanzano_2006_2017
1698,2010-01-17,16 27 28 31 36 43,08 23 27 28 36 39,03 08 25 26 31 44,31 32 33 37 39 44,github_imanzano_2006_2017
1699,2010-01-20,13 23 25 26 35 38,02 05 15 21 22 24,06 11 13 16 17 33,11 13 19 28 31 41,github_imanzano_2006_2017
1700,2010-01-24,05 07 09 15 16 29,02 06 22 23 24 25,10 12 20 23 26 32,02 15 22 26 30 42,github_imanzano_2006_2017
1701,2010-01-27,04 12 16 17 24 32,10 18 24 28 29 42,00 13 18 21 25 45,02 05 13 17 22 33,github_imanzano_2006_2017
1702,2010-01-31,00 02 11 27 29 42,01 13 20 39 40 42,07 13 23 31 36 42,05 24 27 28 29 30,github_imanzano_2006_2017
1703,2010-02-03,05 10 20 23 26 31,04 10 15 19 34 42,05 20 25 41 42 45,00 02 06 13 39 40,github_imanzano_2006_2017
1704,2010-02-07,17 18 19 36 38 39,10 12 19 33 41 43,03 04 28 38 40 42,05 09 17 32 39 44,github_imanzano_2006_2017
1705,2010-02-10,12 20 27 29 38 44,05 10 15 18 19 40,06 19 25 29 34 37,01 03 04 19 24 38,github_imanzano_2006_2017
1706,2010-02-14,00 07 10 13 18 36,04 05 10 12 44 45,05 18 19 21 44 45,00 09 20 32 39 42,github_imanzano_2006_2017
1707,2010-02-17,01 06 09 18 19 25,06 25 26 33 41 45,05 13 16 17 23 43,01 05 06 09 29 43,github_imanzano_2006_2017
1708,2010-02-22,00 22 28 34 38 42,04 05 26 34 35 36,01 02 07 10 19 36,00 02 04 19 32 39,github_imanzano_2006_2017
1709,2010-02-24,05 06 15 24 30 41,00 07 21 37 38 44,07 09 10 27 28 35,02 16 24 27 34 36,github_imanzano_2006_2017
1710,2010-02-28,05 09 11 12 15 24,10 13 19 33 34 36,05 07 20 24 38 42,06 09 28 31 33 41,github_imanzano_2006_2017
1711,2010-03-03,01 02 14 22 29 43,10 11 14 28 32 36,01 13 32 37 42 45,10 11 20 24 25 40,github_imanzano_2006_2017
1712,2010-03-07,04 06 09 11 24 40,07 09 11 12 27 35,03 06 08 37 42 44,15 23 32 34 37 42,github_imanzano_2006_2017
1713,2010-03-10,06 19 21 22 23 27,00 02 04 24 34 41,05 18 25 41 43 45,04 16 23 30 32 42,github_imanzano_2006_2017
1714,2010-03-14,04 07 14 20 40 44,02 03 07 26 33 42,11 12 19 33 36 42,14 15 22 29 36 41,github_imanzano_2006_2017
1715,2010-03-17,05 13 23 39 42 43,18 24 30 37 39 40,02 06 15 16 32 39,08 11 27 31 37 44,github_imanzano_2006_2017
1716,2010-03-21,00 06 08 17 20 39,15 30 31 35 38 45,02 12 15 19 25 39,12 13 14 15 32 33,github_imanzano_2006_2017
1717,2010-03-23,02 04 08 13 15 37,07 10 23 29 37 43,06 07 17 23 26 31,00 06 07 18 24 39,github_imanzano_2006_2017
1718,2010-03-28,01 02 19 28 31 35,10 18 25 28 41 43,11 22 24 41 43 44,15 16 18 34 40 43,github_imanzano_2006_2017
1719,2010-03-31,07 10 14 23 39 45,10 11 25 27 33 34,00 02 23 26 31 37,01 04 12 25 27 28,github_imanzano_2006_2017
1720,2010-04-04,27 29 32 39 41 44,04 16 18 20 28 36,02 04 09 19 30 34,02 20 22 23 38 42,github_imanzano_2006_2017
1721,2010-04-07,01 03 09 22 24 33,03 35 36 41 42 44,07 14 17 27 28 40,01 02 05 23 28 34,github_imanzano_2006_2017
1722,2010-04-11,00 01 10 19 20 28,00 01 03 04 08 27,06 08 12 15 37 44,05 06 07 17 41 44,github_imanzano_2006_2017
1723,2010-04-14,07 16 18 23 24 39,07 14 23 27 33 41,07 10 24 30 43 45,06 09 21 24 31 41,github_imanzano_2006_2017
1724,2010-04-18,08 12 14 15 19 43,19 32 35 36 43 45,11 12 22 27 33 42,04 14 25 36 37 42,github_imanzano_2006_2017
1725,2010-04-21,03 05 11 20 29 30,21 22 27 30 44 45,05 11 13 17 20 27,10 14 15 29 40 44,github_imanzano_2006_2017
1726,2010-04-25,15 17 26 28 29 45,01 02 10 13 30 34,01 08 15 17 31 38,09 14 19 28 29 36,github_imanzano_2006_2017
1727,2010-04-28,06 24 27 34 39 44,02 05 10 29 34 40,11 19 30 42 43 44,03 04 13 31 44 45,github_imanzano_2006_2017
1728,2010-05-02,15 16 27 32 40 44,05 11 18 31 42 44,00 06 12 13 29 41,08 12 16 19 22 27,github_imanzano_2006_2017
1729,2010-05-05,02 14 15 26 33 44,19 27 29 34 39 41,05 12 18 22 27 43,03 04 06 10 14 38,github_imanzano_2006_2017
1730,2010-05-09,00 27 29 30 37 38,01 04 08 18 20 27,01 08 13 15 23 25,07 11 13 19 21 27,github_imanzano_2006_2017
1731,2010-05-12,01 08 10 14 22 26,07 17 19 28 39 41,01 05 09 23 34 41,04 08 18 21 24 34,github_imanzano_2006_2017
1732,2010-05-16,01 04 07 08 11 28,01 18 21 25 27 28,01 07 08 12 13 34,01 04 06 19 21 26,github_imanzano_2006_2017
1733,2010-05-19,02 08 09 17 31 40,00 07 13 14 28 36,13 21 24 32 37 45,12 27 30 33 36 42,github_imanzano_2006_2017
1734,2010-05-23,14 16 26 29 33 43,03 11 14 18 20 38,03 04 06 11 26 38,20 24 26 34 41 42,github_imanzano_2006_2017
1735,2010-05-27,03 12 15 24 34 39,03 06 07 20 22 34,04 06 11 27 30 43,09 12 27 34 37 39,github_imanzano_2006_2017
1736,2010-05-30,01 14 16 21 38 45,09 15 25 30 31 38,13 25 28 29 37 43,03 11 27 32 37 40,github_imanzano_2006_2017
1737,2010-06-02,00 04 08 34 39 40,00 06 12 24 28 35,04 12 14 16 25 41,05 07 08 13 14 19,github_imanzano_2006_2017
1738,2010-06-06,03 06 14 18 25 38,03 04 21 26 34 41,05 20 23 33 37 41,07 17 34 40 42 43,github_imanzano_2006_2017
1739,2010-06-09,01 04 06 14 19 29,04 06 10 12 14 36,01 08 13 27 29 43,06 11 28 30 33 44,github_imanzano_2006_2017
1740,2010-06-13,01 03 10 11 15 38,04 10 19 26 28 44,04 06 15 20 22 41,02 07 23 27 36 45,github_imanzano_2006_2017
1741,2010-06-16,07 13 23 29 36 42,08 17 23 24 25 37,03 07 18 23 38 43,05 16 17 19 44 45,github_imanzano_2006_2017
1742,2010-06-20,08 10 13 18 22 42,01 17 25 34 35 37,05 09 15 37 43 45,00 11 14 19 24 40,github_imanzano_2006_2017
1743,2010-06-23,02 07 09 13 21 30,08 12 15 18 23 26,02 05 08 34 37 45,11 14 25 30 40 44,github_imanzano_2006_2017
1744,2010-06-27,01 10 14 28 37 45,00 01 08 14 18 38,00 04 06 29 34 35,03 05 30 31 36 38,github_imanzano_2006_2017
1745,2010-06-30,06 08 18 30 40 41,07 17 18 22 38 42,10 12 17 20 43 45,06 11 21 26 31 40,github_imanzano_2006_2017
1746,2010-07-04,08 16 21 24 38 43,03 06 11 27 36 40,07 16 18 21 35 40,06 11 21 30 38 42,github_imanzano_2006_2017
1747,2010-07-07,02 03 12 17 27 28,03 08 14 21 23 45,00 05 07 16 24 36,16 17 24 26 30 34,github_imanzano_2006_2017
1748,2010-07-11,04 13 18 34 39 42,00 05 09 19 20 42,11 12 18 28 34 37,06 10 19 20 37 45,github_imanzano_2006_2017
1749,2010-07-14,09 10 15 27 31 45,06 10 12 26 27 38,13 17 25 27 28 35,07 14 19 20 21 44,github_imanzano_2006_2017
1750,2010-07-18,06 09 24 29 37 41,03 19 28 29 39 42,09 12 18 23 32 45,08 10 19 27 38 41,github_imanzano_2006_2017
1751,2010-07-21,00 03 15 17 20 38,02 09 12 21 28 35,04 05 10 14 20 32,00 02 23 29 39 44,github_imanzano_2006_2017
1752,2010-07-25,01 28 35 40 41 43,00 03 05 14 16 40,07 08 23 28 34 41,05 16 24 25 30 39,github_imanzano_2006_2017
1753,2010-07-28,03 12 15 21 28 44,02 06 08 18 25 31,03 04 09 21 25 35,02 04 05 10 37 41,github_imanzano_2006_2017
1754,2010-08-02,06 19 21 23 35 40,08 20 23 31 37 42,01 13 16 36 40 41,00 21 25 36 39 43,github_imanzano_2006_2017
1755,2010-08-04,01 02 03 04 11 42,11 16 33 36 41 44,04 09 28 33 39 44,17 20 32 34 37 40,github_imanzano_2006_2017
1756,2010-08-08,17 18 19 21 26 33,03 04 09 11 14 29,01 17 38 41 42 44,15 16 20 31 32 39,github_imanzano_2006_2017
1757,2010-08-11,01 25 35 40 41 45,07 11 17 18 30 38,05 06 07 35 38 39,07 10 12 17 23 43,github_imanzano_2006_2017
1758,2010-08-15,02 03 20 24 39 42,08 23 29 32 39 44,02 04 17 30 32 42,01 06 10 38 43 45,github_imanzano_2006_2017
1759,2010-08-18,00 04 06 10 19 24,04 18 25 38 42 43,04 13 18 28 37 44,02 08 10 11 40 45,github_imanzano_2006_2017
1760,2010-08-22,02 03 05 19 21 33,02 03 13 35 38 40,06 10 19 21 37 44,00 03 07 09 20 30,github_imanzano_2006_2017
1761,2010-08-25,06 09 29 30 33 44,03 04 08 09 22 26,06 15 19 38 42 45,01 08 18 23 24 35,github_imanzano_2006_2017
1762,2010-08-29,03 25 28 33 35 44,01 06 08 11 24 35,10 13 15 24 33 41,06 13 24 34 42 45,github_imanzano_2006_2017
1763,2010-09-01,08 11 13 17 27 40,01 09 26 27 28 31,10 22 27 29 34 39,09 12 17 18 22 44,github_imanzano_2006_2017
1764,2010-09-05,09 31 35 37 40 41,01 08 11 18 22 44,07 09 12 20 26 39,02 06 10 13 33 36,github_imanzano_2006_2017
1765,2010-09-08,03 04 16 18 31 36,03 23 27 32 33 35,06 31 34 35 36 45,03 08 09 22 30 35,github_imanzano_2006_2017
1766,2010-09-12,03 15 29 30 37 44,03 15 23 32 36 40,01 04 07 10 21 43,03 07 12 20 32 38,github_imanzano_2006_2017
1767,2010-09-15,00 21 33 36 43 45,04 08 20 23 26 37,06 18 21 34 38 43,02 11 20 26 28 37,github_imanzano_2006_2017
1768,2010-09-19,00 07 12 15 17 23,06 15 17 21 38 43,01 02 11 18 29 38,01 13 26 31 32 36,github_imanzano_2006_2017
1769,2010-09-22,00 04 22 27 32 38,01 02 13 19 32 45,06 09 14 18 25 31,06 07 22 35 37 44,github_imanzano_2006_2017
1770,2010-09-27,06 18 23 29 30 40,04 12 17 22 31 35,06 20 24 25 28 43,00 12 25 31 36 44,github_imanzano_2006_2017
1771,2010-09-29,01 04 10 21 25 32,02 14 21 23 37 40,09 14 20 22 38 43,03 08 12 25 34 42,github_imanzano_2006_2017
1772,2010-10-03,04 05 17 23 25 41,09 21 26 33 34 42,04 16 20 24 27 33,20 21 24 42 43 45,github_imanzano_2006_2017
1773,2010-10-06,14 20 22 31 39 40,09 12 23 34 35 43,07 20 26 39 42 43,00 06 17 29 32 44,github_imanzano_2006_2017
1774,2010-10-10,00 03 12 17 19 44,02 10 11 29 42 43,01 10 19 28 31 43,05 07 28 35 43 44,github_imanzano_2006_2017
1775,2010-10-13,03 14 16 19 28 32,18 20 23 25 26 34,01 16 23 25 36 42,08 10 31 38 39 42,github_imanzano_2006_2017
1776,2010-10-17,00 16 24 37 39 40,02 09 21 25 40 41,00 20 37 38 40 44,05 28 30 32 39 42,github_imanzano_2006_2017
1777,2010-10-20,03 10 13 30 31 35,06 10 16 28 33 36,22 25 31 32 37 45,09 23 26 31 34 41,github_imanzano_2006_2017
1778,2010-10-24,01 05 06 12 13 23,16 19 26 27 29 34,07 10 23 24 34 45,13 14 22 30 36 41,github_imanzano_2006_2017
1779,2010-10-26,07 10 13 24 26 43,08 12 15 23 26 43,06 10 23 37 38 39,10 14 15 31 39 43,github_imanzano_2006_2017
1780,2010-10-31,09 18 22 23 42 44,00 04 17 18 22 45,00 02 04 20 25 44,08 13 22 31 39 43,github_imanzano_2006_2017
1781,2010-11-03,21 30 31 36 39 45,23 24 27 28 42 45,05 22 24 31 33 45,06 07 19 23 35 39,github_imanzano_2006_2017
1782,2010-11-07,00 03 21 27 32 39,02 06 30 40 43 45,23 26 30 36 39 41,15 18 21 38 42 43,github_imanzano_2006_2017
1783,2010-11-10,02 11 14 16 37 38,02 08 15 17 29 38,03 10 13 22 31 36,02 09 13 15 22 35,github_imanzano_2006_2017
1784,2010-11-14,15 26 27 29 33 37,08 32 33 36 42 44,06 10 19 28 37 38,11 13 18 22 24 41,github_imanzano_2006_2017
1785,2010-11-17,06 25 34 35 40 43,08 17 18 32 33 38,12 13 18 20 27 42,09 10 18 20 27 28,github_imanzano_2006_2017
1786,2010-11-21,06 19 29 32 39 45,07 12 20 29 31 35,12 24 25 28 38 39,02 19 20 27 28 29,github_imanzano_2006_2017
1787,2010-11-24,01 09 24 27 41 44,00 12 13 20 22 25,02 13 22 27 36 40,01 02 17 38 40 41,github_imanzano_2006_2017
1788,2010-11-28,02 05 15 19 39 44,03 04 08 33 34 42,13 19 23 25 29 37,04 06 18 28 38 40,github_imanzano_2006_2017
1789,2010-12-01,02 14 19 22 37 39,05 10 22 28 30 37,01 19 29 36 38 45,03 07 13 17 20 45,github_imanzano_2006_2017
1790,2010-12-05,22 23 25 33 36 42,00 03 06 15 25 34,09 21 27 32 35 37,15 22 25 27 30 43,github_imanzano_2006_2017
1791,2010-12-08,03 24 33 40 43 44,01 07 27 33 35 38,04 05 07 21 30 36,04 06 09 30 34 43,github_imanzano_2006_2017
1792,2010-12-12,07 21 28 29 36 37,06 23 24 26 27 39,09 17 36 37 41 42,02 28 31 33 40 41,github_imanzano_2006_2017
1793,2010-12-15,08 14 16 26 31 45,09 21 25 26 30 33,00 06 11 14 16 18,10 14 30 32 38 40,github_imanzano_2006_2017
1794,2010-12-19,02 08 20 21 43 45,02 12 27 29 38 43,06 08 10 18 30 32,00 04 12 14 23 25,github_imanzano_2006_2017
1795,2010-12-22,01 10 27 28 39 45,02 07 08 14 21 44,01 12 14 21 30 38,02 13 14 19 22 36,github_imanzano_2006_2017
1796,2010-12-26,02 10 19 20 28 33,02 03 22 24 42 44,00 08 10 14 21 22,02 06 09 31 33 37,github_imanzano_2006_2017
1797,2010-12-29,05 21 33 34 38 40,00 04 09 18 20 24,01 02 05 14 18 39,00 02 06 20 31 37,github_imanzano_2006_2017
1798,2011-01-02,00 11 13 16 35 36,06 16 19 20 23 34,02 04 06 07 29 42,24 26 31 33 35 37,github_imanzano_2006_2017
1799,2011-01-05,00 04 10 17 21 43,05 12 19 24 25 45,11 12 27 30 38 40,00 02 04 06 11 16,github_imanzano_2006_2017
1800,2011-01-09,06 08 12 15 19 44,05 19 21 29 32 34,01 02 08 14 34 39,00 07 12 21 26 31,github_imanzano_2006_2017
1801,2011-01-12,00 04 11 32 36 45,03 08 10 20 22 33,06 08 10 36 37 39,07 17 18 30 35 36,github_imanzano_2006_2017
1802,2011-01-16,07 09 34 38 40 45,06 11 12 17 33 42,07 16 22 32 33 36,00 14 18 24 28 42,github_imanzano_2006_2017
1803,2011-01-19,04 13 22 28 36 39,00 13 30 36 37 38,06 14 26 38 42 44,03 14 18 25 28 34,github_imanzano_2006_2017
1804,2011-01-23,00 04 12 17 19 42,02 24 33 39 40 45,03 06 09 21 23 40,14 28 33 34 36 43,github_imanzano_2006_2017
1805,2011-01-26,03 05 08 16 23 44,00 03 05 10 15 21,08 21 36 38 39 41,07 08 18 35 38 39,github_imanzano_2006_2017
1806,2011-01-30,09 19 23 32 33 42,05 06 07 11 25 39,04 09 14 35 39 43,03 06 09 12 15 31,github_imanzano_2006_2017
1807,2011-02-02,00 01 07 08 10 21,05 12 22 25 27 31,03 06 13 31 42 44,01 03 11 14 25 40,github_imanzano_2006_2017
1808,2011-02-06,04 06 23 31 32 44,13 18 19 24 32 41,02 16 28 34 40 43,00 07 14 19 24 35,github_imanzano_2006_2017
1809,2011-02-09,01 07 15 23 32 33,04 07 12 39 43 45,20 21 25 27 36 37,02 10 18 22 29 42,github_imanzano_2006_2017
1810,2011-02-13,00 05 08 21 25 27,02 06 15 32 34 42,08 18 23 27 43 45,10 17 22 31 37 43,github_imanzano_2006_2017
1811,2011-02-16,01 04 23 28 43 45,09 15 16 20 33 40,05 09 14 24 31 33,01 06 07 09 20 38,github_imanzano_2006_2017
1812,2011-02-20,09 21 26 29 38 45,02 08 10 23 36 43,03 05 07 09 18 23,05 07 09 10 25 45,github_imanzano_2006_2017
1813,2011-02-23,15 19 26 36 37 38,09 26 28 36 38 42,00 01 11 20 21 29,05 11 19 28 30 33,github_imanzano_2006_2017
1814,2011-02-27,21 22 24 31 37 38,09 16 28 33 35 40,00 12 15 27 30 37,06 08 09 14 34 43,github_imanzano_2006_2017
1815,2011-03-02,03 09 10 14 16 44,13 21 22 24 32 39,10 15 19 25 33 45,03 10 17 28 39 43,github_imanzano_2006_2017
1816,2011-03-06,04 31 33 34 37 41,06 13 16 19 22 39,03 08 12 24 42 44,01 08 10 32 33 40,github_imanzano_2006_2017
1817,2011-03-13,02 07 08 18 29 42,09 17 30 31 42 44,02 05 09 19 22 23,02 09 12 23 28 43,github_imanzano_2006_2017
1818,2011-03-13,02 10 18 19 29 42,04 05 10 27 35 36,01 06 09 17 32 34,02 14 22 33 35 42,github_imanzano_2006_2017
1819,2011-03-16,22 25 36 39 40 41,01 03 13 20 23 28,08 16 17 19 31 37,01 11 23 25 34 35,github_imanzano_2006_2017
1820,2011-03-20,00 01 03 05 12 43,01 04 06 07 13 24,00 04 31 32 42 45,07 11 14 15 30 38,github_imanzano_2006_2017
1821,2011-03-23,03 07 21 30 33 34,00 07 18 21 32 43,15 16 20 25 37 41,02 03 16 23 32 42,github_imanzano_2006_2017
1822,2011-03-27,06 07 17 19 27 43,19 26 28 30 33 37,12 22 31 36 37 44,00 02 03 12 16 37,github_imanzano_2006_2017
1823,2011-03-30,02 03 18 33 35 45,00 18 19 21 27 28,02 09 20 24 29 35,03 07 16 19 28 39,github_imanzano_2006_2017
1824,2011-04-03,06 07 25 31 34 35,02 10 18 20 34 38,00 03 19 23 36 37,01 13 19 20 31 39,github_imanzano_2006_2017
1825,2011-04-06,02 03 13 18 26 39,14 17 24 27 34 42,12 14 18 31 40 41,02 04 05 15 25 41,github_imanzano_2006_2017
1826,2011-04-10,00 03 09 28 33 39,03 15 21 23 32 39,03 05 07 08 14 45,10 14 17 31 35 36,github_imanzano_2006_2017
1827,2011-04-13,09 15 16 25 31 38,04 20 25 38 42 45,01 09 12 21 28 29,09 10 22 36 39 40,github_imanzano_2006_2017
1828,2011-04-17,00 01 03 18 25 36,05 07 11 23 44 45,02 09 18 25 26 35,01 10 32 37 38 44,github_imanzano_2006_2017
1829,2011-04-20,05 09 11 15 32 36,05 08 18 20 21 31,05 09 33 37 38 45,09 17 18 24 41 43,github_imanzano_2006_2017
1830,2011-04-24,01 04 27 29 32 34,02 05 14 24 41 45,00 08 20 28 36 45,18 22 26 29 38 44,github_imanzano_2006_2017
1831,2011-04-27,00 10 13 15 29 30,01 07 08 20 21 39,04 06 10 31 32 33,01 09 10 26 28 35,github_imanzano_2006_2017
1832,2011-05-02,08 21 25 28 39 43,09 13 14 25 27 42,05 08 10 11 18 27,01 03 10 15 30 36,github_imanzano_2006_2017
1833,2011-05-04,08 10 17 20 32 43,03 20 26 28 33 45,04 05 06 16 29 43,01 02 07 18 20 27,github_imanzano_2006_2017
1834,2011-05-08,01 04 05 20 33 43,07 12 14 31 32 44,02 09 15 23 38 42,01 08 23 33 38 40,github_imanzano_2006_2017
1835,2011-05-11,05 16 33 37 39 42,10 11 19 30 31 34,08 09 31 36 40 45,10 15 23 24 28 45,github_imanzano_2006_2017
1836,2011-05-15,06 10 15 19 23 38,02 10 20 22 41 44,03 20 24 29 35 43,01 07 08 10 19 22,github_imanzano_2006_2017
1837,2011-05-18,15 19 22 27 33 34,01 04 22 24 25 39,10 11 14 17 27 33,05 07 10 12 42 45,github_imanzano_2006_2017
1838,2011-05-22,06 09 18 25 29 45,03 07 08 15 35 42,01 20 29 33 36 38,00 13 17 30 32 43,github_imanzano_2006_2017
1839,2011-05-26,07 16 26 27 42 45,10 18 19 21 26 32,03 04 05 22 25 45,03 08 13 20 24 44,github_imanzano_2006_2017
1840,2011-05-29,00 07 11 13 28 36,04 17 21 22 33 44,00 07 10 15 20 24,10 19 24 27 28 34,github_imanzano_2006_2017
1841,2011-06-01,00 26 29 34 37 42,07 09 15 18 21 23,00 01 02 09 21 24,07 34 35 37 43 44,github_imanzano_2006_2017
1842,2011-06-06,17 30 32 34 42 43,01 21 31 33 42 45,05 10 15 25 41 43,04 18 31 32 43 45,github_imanzano_2006_2017
1843,2011-06-08,01 11 22 33 39 40,12 13 16 22 26 36,06 13 21 35 42 43,00 02 05 30 39 42,github_imanzano_2006_2017
1844,2011-06-12,03 05 06 10 14 32,08 10 23 27 28 29,08 20 23 25 36 42,05 09 12 19 25 43,github_imanzano_2006_2017
1845,2011-06-15,00 08 10 15 30 37,03 16 18 19 37 41,01 02 15 18 28 33,09 18 25 36 37 45,github_imanzano_2006_2017
1846,2011-06-19,08 13 17 23 35 43,04 06 08 17 27 32,01 04 07 09 30 33,00 05 14 16 19 36,github_imanzano_2006_2017
1847,2011-06-22,00 01 05 06 26 44,04 14 15 19 30 31,02 04 10 40 41 44,02 10 18 35 37 45,github_imanzano_2006_2017
1848,2011-06-26,00 13 19 22 28 43,03 20 32 39 41 45,05 08 09 10 26 45,01 03 13 16 19 45,github_imanzano_2006_2017
1849,2011-06-29,08 10 21 31 37 44,02 15 16 26 27 28,00 09 15 35 38 44,03 04 05 08 12 45,github_imanzano_2006_2017
1850,2011-07-03,01 03 07 08 19 41,01 25 31 36 44 45,16 30 35 37 41 43,02 09 14 25 32 37,github_imanzano_2006_2017
1851,2011-07-06,03 12 13 16 18 34,00 03 07 14 23 37,01 07 08 22 26 38,02 10 13 30 38 45,github_imanzano_2006_2017
1852,2011-07-10,12 19 28 35 43 44,13 15 18 25 27 37,07 08 31 35 43 45,14 15 16 25 39 44,github_imanzano_2006_2017
1853,2011-07-13,10 22 35 36 37 44,01 05 10 20 22 28,01 10 15 26 40 44,05 16 28 38 39 43,github_imanzano_2006_2017
1854,2011-07-17,00 06 09 19 36 38,01 02 04 14 39 45,06 11 16 27 37 41,01 15 25 26 32 34,github_imanzano_2006_2017
1855,2011-07-20,01 03 16 17 22 39,01 04 16 20 30 40,02 07 21 22 25 29,01 12 24 34 38 41,github_imanzano_2006_2017
1856,2011-07-24,00 02 26 28 38 39,00 11 23 26 38 40,08 09 31 39 43 44,03 04 24 25 34 40,github_imanzano_2006_2017
1857,2011-07-27,10 13 26 34 35 43,20 23 30 31 37 42,00 05 24 28 29 41,02 05 06 12 28 32,github_imanzano_2006_2017
1858,2011-08-01,04 24 28 39 41 45,09 17 25 31 32 37,03 09 15 23 39 44,08 19 20 29 32 43,github_imanzano_2006_2017
1859,2011-08-03,02 23 24 35 44 45,01 18 27 35 36 43,10 13 20 21 23 33,06 08 10 11 18 33,github_imanzano_2006_2017
1860,2011-08-07,03 13 17 32 39 43,01 02 07 17 30 43,02 04 06 09 21 29,03 08 11 31 41 43,github_imanzano_2006_2017
1861,2011-08-10,03 07 12 24 42 44,08 16 32 39 40 43,07 09 14 19 37 40,07 09 17 31 40 42,github_imanzano_2006_2017
1862,2011-08-14,05 10 15 17 34 45,11 15 23 36 40 44,00 08 20 23 27 35,03 05 11 14 30 43,github_imanzano_2006_2017
1863,2011-08-17,09 10 22 28 29 40,00 10 11 17 28 45,00 15 21 22 29 38,01 04 17 26 32 41,github_imanzano_2006_2017
1864,2011-08-21,11 24 27 36 38 41,19 20 28 33 38 45,12 28 34 35 36 41,02 05 19 27 30 36,github_imanzano_2006_2017
1865,2011-08-24,01 08 13 22 41 43,02 08 09 14 19 40,06 07 11 31 35 42,04 06 09 24 28 43,github_imanzano_2006_2017
1866,2011-08-28,00 03 25 32 39 45,03 25 29 33 37 42,12 22 29 32 33 41,04 05 10 17 36 37,github_imanzano_2006_2017
1867,2011-08-31,00 10 14 22 23 25,01 03 04 05 18 30,03 06 11 12 37 42,04 08 14 19 26 38,github_imanzano_2006_2017
1868,2011-09-04,04 11 12 20 39 41,07 17 27 29 34 45,07 09 15 37 43 45,00 26 35 42 43 44,github_imanzano_2006_2017
1869,2011-09-07,12 16 18 31 36 44,00 05 07 25 26 27,08 14 15 26 29 42,03 05 10 20 23 37,github_imanzano_2006_2017
1870,2011-09-11,03 08 13 38 39 41,03 05 09 16 17 29,04 18 34 38 39 41,07 14 22 27 29 35,github_imanzano_2006_2017
1871,2011-09-14,01 18 21 29 32 35,02 03 10 17 26 42,07 10 21 24 25 43,06 11 17 24 29 31,github_imanzano_2006_2017
1872,2011-09-18,18 31 34 37 43 45,04 16 21 30 39 43,00 02 07 08 23 39,14 23 35 37 40 45,github_imanzano_2006_2017
1873,2011-09-21,05 16 28 31 36 39,05 19 24 28 29 30,01 02 20 35 36 44,06 09 15 17 26 34,github_imanzano_2006_2017
1874,2011-09-26,02 05 18 22 31 32,00 10 41 42 43 44,01 08 16 24 31 41,08 10 14 22 34 41,github_imanzano_2006_2017
1875,2011-09-28,00 04 12 13 37 41,04 06 08 09 23 31,06 07 13 32 38 43,00 03 16 19 25 44,github_imanzano_2006_2017
1876,2011-10-02,03 05 23 32 41 42,05 08 09 10 13 22,04 07 09 33 35 37,01 14 18 23 37 42,github_imanzano_2006_2017
1877,2011-10-05,21 27 29 35 38 41,11 12 27 28 30 37,13 24 26 27 33 37,02 06 09 10 22 40,github_imanzano_2006_2017
1878,2011-10-09,01 02 10 11 13 20,08 09 11 15 19 45,08 22 37 39 42 45,03 05 11 30 38 43,github_imanzano_2006_2017
1879,2011-10-12,02 16 33 36 37 45,00 20 26 29 32 36,03 04 05 08 23 45,04 12 14 22 23 26,github_imanzano_2006_2017
1885,2011-11-02,17 25 30 31 35 43,01 05 09 11 16 31,11 14 15 17 22 33,03 05 12 16 21 41,github_imanzano_2006_2017
1886,2011-11-06,06 09 14 19 24 40,05 16 21 34 36 41,02 05 08 28 40 43,06 09 12 21 25 42,github_imanzano_2006_2017
1887,2011-11-09,07 10 16 18 23 40,03 11 17 24 35 41,05 06 07 33 41 44,01 15 24 34 36 41,github_imanzano_2006_2017
1888,2011-11-14,03 18 28 33 35 42,02 13 25 26 39 41,01 02 14 34 38 42,06 12 23 27 29 43,github_imanzano_2006_2017
1889,2011-11-16,08 13 20 33 40 45,04 11 14 37 39 44,02 03 13 19 24 31,03 18 24 27 28 45,github_imanzano_2006_2017
1890,2011-11-20,02 08 09 25 28 32,09 21 23 24 37 42,07 13 21 27 29 33,03 10 16 18 35 39,github_imanzano_2006_2017
1891,2011-11-24,03 05 13 36 41 43,10 16 17 19 30 35,01 13 24 33 39 40,06 14 21 30 34 45,github_imanzano_2006_2017
1892,2011-11-27,07 24 29 32 36 40,01 26 28 35 41 45,18 19 23 35 36 39,02 21 22 30 39 41,github_imanzano_2006_2017
1893,2011-11-30,00 04 10 14 19 38,06 10 37 38 41 43,02 12 15 20 23 33,02 03 04 10 18 42,github_imanzano_2006_2017
1894,2011-12-04,04 19 23 29 37 39,10 15 18 21 37 44,00 08 10 12 35 42,06 11 24 27 28 38,github_imanzano_2006_2017
1895,2011-12-07,17 22 26 30 31 42,15 17 21 26 28 35,08 14 23 27 30 32,09 14 34 35 37 44,github_imanzano_2006_2017
1896,2011-12-11,04 06 08 26 41 43,22 27 31 32 35 36,01 09 15 21 22 41,00 08 13 17 22 41,github_imanzano_2006_2017
1897,2011-12-14,03 08 13 24 26 37,02 05 13 14 16 22,07 11 13 16 19 26,07 17 22 39 41 45,github_imanzano_2006_2017
1898,2011-12-18,02 25 28 29 42 45,01 02 27 35 38 43,06 23 30 34 38 43,02 06 10 12 25 44,github_imanzano_2006_2017
1899,2011-12-21,01 03 05 25 27 32,02 20 22 30 31 32,08 14 19 30 33 38,02 12 16 18 22 43,github_imanzano_2006_2017
1900,2011-12-26,03 10 15 20 31 45,10 15 25 26 34 36,04 12 27 30 33 35,04 13 34 38 40 45,github_imanzano_2006_2017
1901,2011-12-28,04 25 27 28 33 36,00 03 14 17 28 34,00 07 10 13 27 33,06 08 11 24 29 38,github_imanzano_2006_2017
1902,2012-01-02,03 05 06 34 37 41,00 12 18 29 36 42,08 17 23 29 41 44,07 10 12 23 28 45,github_imanzano_2006_2017
1903,2012-01-04,02 12 22 23 24 43,08 14 19 28 30 40,02 28 29 36 38 45,01 04 07 10 40 43,github_imanzano_2006_2017
1904,2012-01-08,02 10 15 28 41 45,05 15 16 19 22 28,01 07 29 30 32 35,09 20 21 30 31 34,github_imanzano_2006_2017
1905,2012-01-11,04 08 10 12 34 35,08 20 22 37 40 42,00 26 27 33 44 45,18 25 31 36 37 40,github_imanzano_2006_2017
1906,2012-01-15,21 24 30 33 39 41,12 17 23 25 33 35,17 22 25 31 40 45,01 02 26 28 36 37,github_imanzano_2006_2017
1907,2012-01-18,01 06 09 11 25 44,01 05 08 11 19 34,10 22 32 34 35 38,08 11 18 34 41 45,github_imanzano_2006_2017
1908,2012-01-22,05 26 27 28 32 43,03 09 15 20 32 45,00 06 13 21 25 28,16 17 20 32 35 39,github_imanzano_2006_2017
1909,2012-01-25,09 10 35 37 38 45,05 14 21 29 31 42,14 15 19 28 34 35,05 08 24 33 42 44,github_imanzano_2006_2017
1910,2012-01-29,19 23 25 33 40 44,00 05 10 11 19 42,00 03 05 07 19 36,04 09 12 21 33 37,github_imanzano_2006_2017
1911,2012-02-01,19 28 34 36 38 44,05 10 11 15 27 36,18 21 30 31 40 42,00 03 08 11 19 28,github_imanzano_2006_2017
1912,2012-02-07,11 23 39 42 43 45,09 20 23 24 34 38,00 14 15 19 37 41,01 02 05 17 27 41,github_imanzano_2006_2017
1913,2012-02-08,01 09 15 20 42 44,01 18 27 28 35 41,02 07 15 26 29 44,02 08 19 27 34 43,github_imanzano_2006_2017
1914,2012-02-13,07 16 18 20 26 39,13 18 20 22 35 45,02 12 13 17 21 27,01 20 32 34 35 42,github_imanzano_2006_2017
1915,2012-02-15,11 12 26 28 40 43,01 06 13 27 29 38,12 25 26 30 31 34,01 02 07 20 31 42,github_imanzano_2006_2017
1916,2012-02-19,06 09 20 26 34 40,05 09 11 18 23 33,02 09 20 22 40 44,06 08 17 20 41 42,github_imanzano_2006_2017
1917,2012-02-22,03 10 12 24 37 39,05 18 26 33 38 40,03 12 24 34 36 45,02 15 22 36 38 41,github_imanzano_2006_2017
1918,2012-02-26,11 15 23 25 31 35,06 16 21 25 40 45,06 15 24 28 32 35,06 11 15 23 28 41,github_imanzano_2006_2017
1919,2012-02-29,25 28 37 38 39 40,04 11 13 29 37 40,01 07 23 30 44 45,00 05 13 22 32 38,github_imanzano_2006_2017
1920,2012-03-04,02 08 17 35 41 44,02 10 17 32 35 44,00 01 16 17 19 29,04 09 21 23 29 36,github_imanzano_2006_2017
1921,2012-03-07,00 11 19 28 34 37,02 03 04 30 36 44,15 25 35 37 42 44,08 09 18 20 22 40,github_imanzano_2006_2017
1922,2012-03-11,06 07 25 28 30 40,09 16 21 22 32 37,01 04 18 23 28 38,01 06 25 28 30 35,github_imanzano_2006_2017
1923,2012-03-14,03 08 12 14 17 28,01 08 24 28 33 41,06 07 09 16 37 38,06 08 19 20 23 35,github_imanzano_2006_2017
1924,2012-03-19,00 12 23 26 29 32,04 13 22 23 43 44,10 14 16 19 20 37,06 22 24 33 38 44,github_imanzano_2006_2017
1925,2012-03-21,06 14 25 31 35 37,01 07 14 25 38 42,06 10 22 32 39 43,03 16 23 37 42 45,github_imanzano_2006_2017
1926,2012-03-25,00 03 16 19 35 36,01 03 26 28 29 35,01 07 10 11 17 38,04 09 24 28 31 36,github_imanzano_2006_2017
1927,2012-03-28,05 07 11 15 32 41,01 06 09 16 32 41,01 16 20 24 28 37,00 02 04 13 16 36,github_imanzano_2006_2017
1928,2012-04-01,02 07 10 16 19 25,07 17 20 26 37 43,11 14 15 17 33 41,02 08 16 19 26 45,github_imanzano_2006_2017
1929,2012-04-04,02 03 09 11 21 24,06 18 21 23 40 42,01 17 31 32 39 44,04 06 10 14 30 41,github_imanzano_2006_2017
1930,2012-04-08,05 15 24 25 33 42,19 25 26 31 36 42,00 10 13 19 28 33,07 09 11 20 34 35,github_imanzano_2006_2017
1931,2012-04-11,06 09 27 37 40 44,05 13 23 36 38 41,07 12 28 29 31 32,02 09 10 25 26 44,github_imanzano_2006_2017
1932,2012-04-17,04 27 36 38 42 44,02 03 08 12 24 32,02 10 26 32 36 45,00 01 04 12 18 36,github_imanzano_2006_2017
1933,2012-04-18,02 08 15 22 28 41,00 11 22 31 37 38,09 12 27 30 37 45,01 11 12 14 29 42,github_imanzano_2006_2017
1934,2012-04-22,04 14 24 25 33 44,05 22 26 28 31 40,02 09 10 23 27 28,01 15 17 18 21 25,github_imanzano_2006_2017
1935,2012-04-25,01 02 09 16 35 44,01 05 06 34 38 40,02 14 21 23 33 36,02 03 04 14 35 38,github_imanzano_2006_2017
1936,2012-04-29,05 06 22 26 31 40,15 18 19 29 40 44,02 07 13 27 28 32,00 02 08 15 19 38,github_imanzano_2006_2017
1937,2012-05-02,05 09 10 11 40 45,10 12 16 22 28 35,03 04 09 17 33 34,02 05 06 09 28 38,github_imanzano_2006_2017
1938,2012-05-06,06 10 15 20 32 33,03 18 24 33 36 42,02 14 16 30 39 41,02 13 24 27 33 37,github_imanzano_2006_2017
1939,2012-05-09,03 04 19 22 27 33,00 10 23 32 34 36,02 05 06 11 15 40,00 13 16 19 40 42,github_imanzano_2006_2017
1940,2012-05-13,01 05 06 22 37 41,08 13 15 26 32 36,00 13 14 30 38 43,02 12 13 23 27 35,github_imanzano_2006_2017
1941,2012-05-16,10 15 23 25 27 30,03 04 26 27 31 44,09 18 34 38 40 41,07 17 19 24 27 37,github_imanzano_2006_2017
1942,2012-05-20,01 06 30 34 38 43,10 12 17 18 22 30,01 08 14 16 32 37,04 06 08 10 16 45,github_imanzano_2006_2017
1943,2012-05-23,04 10 25 32 41 44,06 11 15 30 36 41,02 10 16 22 33 43,00 02 04 05 18 36,github_imanzano_2006_2017
1944,2012-05-27,06 09 33 34 36 39,03 09 10 27 31 33,05 08 26 29 42 44,01 06 10 23 39 43,github_imanzano_2006_2017
1945,2012-05-30,01 03 09 15 33 38,01 02 20 27 28 43,02 05 06 23 24 40,00 06 25 27 38 39,github_imanzano_2006_2017
1946,2012-06-03,01 05 07 11 23 32,01 22 30 32 35 41,01 05 08 19 28 29,09 11 12 20 25 29,github_imanzano_2006_2017
1947,2012-06-06,12 22 25 36 38 44,02 03 08 15 26 33,02 13 22 32 42 43,12 14 21 26 31 36,github_imanzano_2006_2017
1948,2012-06-10,08 20 28 29 40 42,01 06 22 30 39 41,01 07 15 23 35 44,06 15 20 35 40 45,github_imanzano_2006_2017
1949,2012-06-13,02 12 19 20 23 30,04 05 06 14 42 45,03 07 17 26 34 44,01 08 09 26 30 44,github_imanzano_2006_2017
1950,2012-06-17,06 07 13 19 21 27,07 10 31 38 41 42,05 07 09 28 31 45,13 18 21 22 33 41,github_imanzano_2006_2017
1951,2012-06-20,03 13 29 32 33 41,03 04 08 11 23 40,24 26 28 32 35 40,08 14 33 35 39 42,github_imanzano_2006_2017
1952,2012-06-25,01 04 10 26 33 39,01 08 11 13 14 21,02 03 10 12 34 40,01 18 21 27 36 43,github_imanzano_2006_2017
1953,2012-06-27,02 09 29 35 37 45,02 21 24 32 34 38,06 14 15 19 25 39,05 09 15 17 18 35,github_imanzano_2006_2017
1954,2012-07-01,01 03 15 18 40 43,02 07 09 31 40 43,05 14 21 23 31 32,13 14 15 19 20 38,github_imanzano_2006_2017
1955,2012-07-04,09 10 15 24 26 36,04 11 20 23 24 37,06 11 14 25 29 35,03 09 10 12 17 19,github_imanzano_2006_2017
1956,2012-07-08,10 15 18 20 27 37,02 03 15 19 24 38,11 22 23 33 35 44,01 17 28 40 42 45,github_imanzano_2006_2017
1957,2012-07-11,01 03 12 15 42 44,00 04 05 21 31 43,01 06 19 30 33 35,13 16 20 29 32 41,github_imanzano_2006_2017
1958,2012-07-15,02 06 15 22 23 32,05 24 27 31 34 39,01 03 13 20 37 44,01 04 07 15 38 39,github_imanzano_2006_2017
1959,2012-07-18,09 27 35 39 40 42,01 10 13 18 29 37,01 03 09 22 37 40,00 03 08 09 37 42,github_imanzano_2006_2017
1960,2012-07-22,00 06 24 28 31 44,00 11 13 22 23 37,01 07 12 19 41 43,18 22 23 28 29 39,github_imanzano_2006_2017
1961,2012-07-25,04 10 13 15 31 41,03 09 20 22 25 31,05 10 14 22 23 30,00 11 14 27 34 35,github_imanzano_2006_2017
1962,2012-07-29,02 05 07 28 39 43,08 17 20 26 43 44,00 02 03 10 31 42,04 22 23 26 30 43,github_imanzano_2006_2017
1963,2012-08-01,06 13 14 28 30 36,03 15 17 23 27 39,08 11 13 20 39 44,00 05 06 09 10 35,github_imanzano_2006_2017
1964,2012-08-06,01 11 23 32 34 45,06 07 21 23 27 33,12 20 23 33 37 45,03 11 35 39 43 45,github_imanzano_2006_2017
1965,2012-08-08,00 02 07 21 24 31,00 03 12 24 37 44,07 15 32 33 40 44,11 23 24 25 29 44,github_imanzano_2006_2017
1966,2012-08-12,02 09 23 29 39 42,01 07 11 38 39 44,11 12 15 23 24 34,11 18 21 23 31 37,github_imanzano_2006_2017
1967,2012-08-15,00 03 06 15 22 41,08 14 16 19 29 31,03 07 10 24 38 39,12 13 14 21 36 39,quini-6.com.ar_blogger
1968,2012-08-19,08 12 29 31 32 33,03 14 22 23 30 37,00 17 32 33 43 44,00 11 17 18 27 29,quini-6.com.ar_blogger
1969,2012-08-22,00 09 17 34 38 40,09 12 18 21 28 42,07 15 22 31 37 45,06 09 17 23 44 45,quini-6.com.ar_blogger
1970,2012-08-26,00 05 10 13 17 45,01 03 19 30 33 42,08 09 10 33 39 44,01 03 04 08 21 37,quini-6.com.ar_blogger
1971,2012-08-29,05 09 18 25 30 35,20 21 23 32 41 42,02 04 13 24 37 41,00 28 35 38 40 43,quini-6.com.ar_blogger
1972,2012-09-02,02 10 17 18 29 35,07 11 20 24 32 33,04 06 09 16 32 40,00 10 12 20 37 42,quini-6.com.ar_blogger
1973,2012-09-05,01 16 19 22 31 42,10 19 23 27 31 39,12 13 25 27 35 38,15 22 39 40 43 45,quini-6.com.ar_blogger
1974,2012-09-09,01 05 08 15 28 29,00 05 16 22 23 25,01 20 21 29 37 44,05 18 20 21 29 33,quini-6.com.ar_blogger
1975,2012-09-12,04 12 18 20 38 40,00 03 17 25 30 44,00 02 05 26 28 33,05 15 18 20 40 45,quini-6.com.ar_blogger
1976,2012-09-16,00 01 05 26 32 41,08 10 16 17 26 35,07 09 19 24 25 40,02 03 18 19 26 30,quini-6.com.ar_blogger
1977,2012-09-19,10 22 32 37 39 42,16 23 28 33 40 42,01 02 06 25 32 45,00 09 23 28 29 34,quini-6.com.ar_blogger
1978,2012-09-23,00 06 18 34 38 45,04 09 13 22 29 43,01 09 13 23 29 34,00 03 04 16 21 33,quini-6.com.ar_blogger
1979,2012-09-26,09 19 26 35 42 45,04 17 28 30 41 42,01 09 38 42 43 44,06 14 32 33 38 44,quini-6.com.ar_blogger
1980,2012-09-30,02 12 19 28 33 41,07 16 23 27 30 43,03 14 17 19 20 33,03 06 09 17 25 26,quini-6.com.ar_blogger
1981,2012-10-03,07 08 26 29 37 39,03 06 07 21 36 39,02 03 05 08 32 36,01 08 27 30 33 43,quini-6.com.ar_blogger
1982,2012-10-07,03 05 12 17 19 31,01 06 07 19 20 43,01 28 31 40 43 45,08 10 18 19 22 38,quini-6.com.ar_blogger
1983,2012-10-10,05 22 28 33 44 45,01 12 13 26 34 43,02 04 05 06 33 39,03 08 13 23 24 25,github_imanzano_2006_2017
1984,2012-10-14,06 08 11 13 28 40,11 13 22 27 34 44,01 24 26 28 30 40,00 01 17 20 40 41,quini-6.com.ar_blogger
1985,2012-10-17,09 11 13 24 26 41,06 09 21 23 35 41,02 15 16 25 35 36,02 15 22 25 28 38,github_imanzano_2006_2017
1986,2012-10-21,03 06 14 24 28 43,00 01 34 35 40 43,03 06 16 18 42 43,01 10 17 19 24 28,github_imanzano_2006_2017
1987,2012-10-24,01 02 10 18 20 22,03 24 25 30 31 41,06 10 12 16 27 32,01 10 17 18 20 30,github_imanzano_2006_2017
1988,2012-10-28,06 13 14 26 32 34,06 07 10 17 19 39,02 09 26 29 32 38,04 05 10 18 23 25,github_imanzano_2006_2017
1989,2012-10-31,08 22 28 32 37 43,05 09 26 27 28 36,00 05 10 11 26 38,01 12 16 32 34 40,github_imanzano_2006_2017
1990,2012-11-04,05 08 14 24 28 43,03 24 25 35 36 39,12 13 18 30 39 42,16 21 29 33 36 43,github_imanzano_2006_2017
1991,2012-11-07,04 06 08 16 42 43,00 15 16 18 26 32,02 18 22 31 35 39,05 24 25 36 40 44,github_imanzano_2006_2017
1992,2012-11-12,02 16 19 26 41 45,00 08 10 23 28 37,04 11 13 26 32 34,00 02 13 23 27 38,github_imanzano_2006_2017
1993,2012-11-14,06 07 22 28 37 40,02 04 12 23 28 31,02 03 11 22 23 34,02 16 20 35 36 41,github_imanzano_2006_2017
1994,2012-11-18,04 11 17 28 32 43,32 33 36 37 40 41,02 03 19 27 32 42,01 09 28 29 36 41,github_imanzano_2006_2017
1995,2012-11-21,00 14 16 24 32 44,04 06 33 36 41 43,06 10 13 37 43 45,01 03 04 13 23 42,github_imanzano_2006_2017
1996,2012-11-25,06 23 24 31 38 45,03 11 12 19 30 38,00 02 03 10 14 25,11 15 20 32 34 36,github_imanzano_2006_2017
1997,2012-11-28,03 05 19 27 30 43,00 03 06 15 17 21,00 17 18 21 28 43,02 14 17 27 36 40,github_imanzano_2006_2017
1998,2012-12-02,00 16 21 24 28 45,05 08 17 19 34 45,08 10 18 19 32 41,04 12 19 33 34 36,github_imanzano_2006_2017
1999,2012-12-05,06 13 14 15 17 28,05 09 10 20 35 38,17 18 36 37 38 43,02 05 13 14 17 32,github_imanzano_2006_2017
2000,2012-12-11,14 22 25 33 38 42,05 10 20 24 42 45,06 07 30 31 34 45,01 06 10 12 24 37,github_imanzano_2006_2017
2001,2012-12-12,01 02 03 15 32 42,01 16 22 24 29 42,05 10 11 14 18 35,00 07 10 16 37 39,github_imanzano_2006_2017
2002,2012-12-18,01 02 03 18 35 45,01 03 15 18 31 35,10 36 40 41 42 43,01 06 11 17 27 41,github_imanzano_2006_2017
2003,2012-12-19,06 10 12 21 44 45,25 28 34 42 44 45,01 02 04 08 33 43,19 20 28 34 35 43,github_imanzano_2006_2017
2004,2012-12-23,01 05 06 24 36 38,03 08 09 13 24 42,07 11 21 27 30 34,02 09 22 26 29 35,github_imanzano_2006_2017
2005,2012-12-27,05 16 18 24 31 42,06 12 19 27 34 42,09 15 18 19 20 25,01 02 07 16 24 38,github_imanzano_2006_2017
2006,2012-12-30,12 15 27 36 39 41,01 04 06 15 17 20,01 23 29 42 43 45,03 10 21 28 40 45,github_imanzano_2006_2017
2007,2013-01-03,01 08 11 13 25 33,01 02 08 18 20 43,22 27 28 30 31 40,02 22 36 40 41 45,github_imanzano_2006_2017
2008,2013-01-06,07 09 12 26 35 43,02 10 18 20 22 24,04 21 23 35 36 37,06 09 27 29 30 32,github_imanzano_2006_2017
2009,2013-01-09,01 17 28 29 35 41,01 06 23 26 35 43,07 09 10 12 31 44,02 08 10 13 20 41,github_imanzano_2006_2017
2010,2013-01-13,00 04 05 15 21 24,12 17 21 23 28 40,01 08 25 32 40 42,01 05 06 09 28 29,github_imanzano_2006_2017
2011,2013-01-16,05 08 18 21 22 39,05 18 25 37 38 39,00 09 16 30 34 39,07 15 17 29 30 32,github_imanzano_2006_2017
2012,2013-01-20,06 11 14 18 27 41,05 06 07 08 15 34,00 05 13 25 39 40,00 04 05 19 21 41,github_imanzano_2006_2017
2013,2013-01-23,10 11 14 29 36 38,10 19 24 29 32 36,04 10 23 34 35 36,01 16 22 32 39 41,github_imanzano_2006_2017
2014,2013-01-29,05 10 13 26 38 43,05 19 23 35 39 40,00 01 16 29 40 41,20 26 27 30 40 43,github_imanzano_2006_2017
2015,2013-01-30,20 21 22 39 42 45,05 13 31 32 34 45,02 12 16 24 40 41,00 27 32 43 44 45,github_imanzano_2006_2017
2016,2013-02-03,00 01 15 16 28 43,04 07 22 26 27 28,06 19 23 28 31 43,01 05 27 29 36 44,github_imanzano_2006_2017
2017,2013-02-06,03 07 14 19 24 36,06 08 10 13 14 26,01 05 11 13 15 16,01 06 07 09 20 39,github_imanzano_2006_2017
2018,2013-02-10,01 04 31 32 35 38,02 16 21 27 28 29,15 21 22 23 25 31,01 09 10 16 17 44,github_imanzano_2006_2017
2019,2013-02-13,01 02 06 09 35 36,05 14 25 28 37 38,02 13 17 22 23 44,07 09 12 23 26 34,github_imanzano_2006_2017
2020,2013-02-17,00 07 11 28 29 32,08 18 29 40 41 43,00 07 10 11 15 36,05 06 10 20 29 34,github_imanzano_2006_2017
2021,2013-02-21,00 02 18 33 37 41,12 15 16 19 26 34,01 02 08 23 27 36,04 10 19 20 25 39,quini-6.com.ar_blogger
2022,2013-02-27,02 15 26 27 33 43,03 17 18 25 31 37,01 06 11 17 22 34,00 02 13 32 34 36,quini-6.com.ar_blogger
2023,2013-02-27,07 17 19 20 31 39,02 03 25 31 36 38,01 03 08 10 20 43,09 13 20 21 28 35,github_imanzano_2006_2017
2024,2013-03-03,06 16 30 38 39 41,00 11 28 32 39 45,03 05 06 09 27 40,00 08 24 32 39 41,quini-6.com.ar_blogger
2025,2013-03-06,00 19 20 23 43 44,00 02 18 19 28 32,12 21 22 23 27 36,00 07 08 27 29 39,quini-6.com.ar_blogger
2026,2013-03-10,01 07 10 30 31 38,08 26 35 40 41 43,06 10 18 34 38 45,00 04 14 16 17 37,quini-6.com.ar_blogger
2027,2013-03-13,02 17 21 38 41 42,06 07 22 25 30 39,09 14 21 29 30 35,03 06 18 30 42 44,quini-6.com.ar_blogger
2028,2013-03-17,06 08 14 17 36 45,01 13 23 24 31 33,09 18 19 35 41 45,06 07 14 21 40 43,quini-6.com.ar_blogger
2029,2013-03-20,05 06 09 24 34 37,07 14 21 28 33 35,08 15 23 32 35 43,08 15 16 18 40 42,quini-6.com.ar_blogger
2030,2013-03-24,01 07 21 30 33 39,03 10 19 23 34 36,01 02 08 26 27 37,00 03 15 22 29 43,quini-6.com.ar_blogger
2031,2013-03-27,10 16 18 31 39 43,01 05 08 09 19 43,00 09 21 26 37 41,00 04 10 24 27 31,github_imanzano_2006_2017
2032,2013-03-31,08 12 14 17 36 43,02 12 34 38 41 45,00 01 05 06 25 32,00 10 19 25 37 43,quini-6.com.ar_blogger
2033,2013-04-04,00 01 05 24 26 33,00 01 13 25 38 42,00 08 12 25 31 37,22 25 30 40 43 45,quini-6.com.ar_blogger
2034,2013-04-07,03 06 08 17 35 42,02 04 06 08 34 38,01 02 13 20 23 28,02 03 05 07 19 22,quini-6.com.ar_blogger
2035,2013-04-10,03 09 25 42 44 45,01 02 09 20 33 41,05 12 27 30 32 43,04 29 30 34 37 42,quini-6.com.ar_blogger
2036,2013-04-14,06 20 27 32 41 42,09 13 15 20 37 39,01 03 07 10 40 44,07 08 10 13 15 20,quini-6.com.ar_blogger
2037,2013-04-17,08 14 16 21 28 40,05 12 15 17 35 42,05 06 15 16 22 35,08 14 26 39 43 45,quini-6.com.ar_blogger
2038,2013-04-21,05 07 13 15 25 27,05 15 22 35 36 39,01 09 24 28 34 42,03 07 08 31 32 33,quini-6.com.ar_blogger
2039,2013-04-24,07 10 14 25 34 45,05 06 07 08 14 37,01 09 19 25 32 33,02 08 26 31 32 41,quini-6.com.ar_blogger
2040,2013-04-28,05 09 13 21 25 31,00 05 09 25 32 33,01 03 04 05 11 22,00 07 09 41 42 43,quini-6.com.ar_blogger
2041,2013-05-02,01 04 25 33 39 43,09 16 24 26 37 41,08 10 16 20 32 43,01 02 14 36 41 43,quini-6.com.ar_blogger
2042,2013-05-05,01 09 11 21 39 40,04 06 16 38 39 43,06 09 12 37 39 40,03 05 10 32 43 45,quini-6.com.ar_blogger
2043,2013-05-08,04 15 19 29 34 35,01 15 21 25 30 39,03 04 07 10 25 28,09 12 14 15 25 40,quini-6.com.ar_blogger
2044,2013-05-12,00 12 14 24 38 44,02 04 06 17 37 43,00 02 10 32 37 45,09 18 23 30 38 42,quini-6.com.ar_blogger
2045,2013-05-15,03 07 22 30 34 39,05 10 26 29 32 38,01 09 11 17 26 45,03 05 12 28 34 45,quini-6.com.ar_blogger
2046,2013-05-19,05 12 23 24 31 42,03 04 11 18 34 41,01 02 08 10 12 43,01 07 08 14 16 36,github_imanzano_2006_2017
2047,2013-05-22,13 27 30 37 41 45,06 08 13 21 22 37,01 05 27 29 38 40,07 14 29 32 34 45,quini-6.com.ar_blogger
2048,2013-05-26,10 15 18 19 24 33,09 20 25 30 33 37,03 05 06 19 37 42,25 29 38 42 43 45,quini-6.com.ar_blogger
2049,2013-05-29,05 08 14 25 33 44,04 09 14 22 23 44,02 07 15 16 24 34,00 02 05 26 40 42,quini-6.com.ar_blogger
2050,2013-06-02,01 19 23 28 35 37,05 08 15 36 42 44,01 04 05 09 27 28,01 20 28 32 40 41,github_imanzano_2006_2017
2051,2013-06-05,11 13 14 27 38 42,19 20 32 33 40 43,02 14 25 34 36 39,02 08 11 19 33 43,quini-6.com.ar_blogger
2052,2013-06-09,05 08 15 22 29 34,02 06 23 24 31 34,03 12 21 29 30 45,01 13 18 25 41 42,quini-6.com.ar_blogger
2053,2013-06-12,08 27 31 35 38 44,00 05 10 11 19 45,03 09 10 21 25 32,00 02 06 10 19 22,quini-6.com.ar_blogger
2054,2013-06-16,06 11 17 22 26 31,00 01 13 21 23 43,06 10 19 29 36 39,03 20 23 39 41 43,quini-6.com.ar_blogger
2055,2013-06-19,02 13 16 18 36 44,06 11 18 24 28 39,00 01 03 05 06 13,01 14 20 33 36 37,quini-6.com.ar_blogger
2056,2013-06-23,10 27 28 38 40 43,10 12 13 25 34 41,02 03 05 07 35 43,04 05 12 35 36 43,quini-6.com.ar_blogger
2057,2013-06-26,00 05 07 18 32 45,07 18 21 26 32 33,03 08 09 22 35 42,01 03 05 07 12 17,quini-6.com.ar_blogger
2058,2013-06-30,03 04 33 34 36 44,02 12 16 19 28 42,00 06 07 18 31 40,11 19 23 34 38 45,quini-6.com.ar_blogger
2059,2013-07-03,10 17 19 30 37 41,06 27 28 31 33 38,05 06 09 15 17 33,20 23 24 25 26 34,quini-6.com.ar_blogger
2060,2013-07-07,01 09 10 17 32 40,01 09 12 36 37 43,01 03 18 23 24 36,00 11 17 21 31 38,quini-6.com.ar_blogger
2061,2013-07-10,01 03 26 29 32 39,14 21 27 35 38 43,03 04 16 25 26 37,07 09 24 28 36 45,quini-6.com.ar_blogger
2062,2013-07-14,00 03 06 18 25 35,01 02 09 18 30 44,04 06 15 28 33 35,06 07 08 09 12 19,quini-6.com.ar_blogger
2063,2013-07-17,01 13 16 19 22 40,07 11 19 23 35 39,03 10 16 22 36 39,10 13 16 22 31 45,quini-6.com.ar_blogger
2064,2013-07-21,01 06 14 20 25 37,11 16 28 40 41 45,04 06 07 31 33 42,03 14 30 32 33 35,quini-6.com.ar_blogger
2065,2013-07-24,00 06 19 31 34 45,00 08 11 25 27 34,07 09 17 24 30 42,01 17 26 32 33 36,quini-6.com.ar_blogger
2066,2013-07-28,05 25 31 32 36 42,04 06 08 11 31 34,03 07 08 22 35 40,04 09 14 23 25 29,quini-6.com.ar_blogger
2067,2013-07-31,00 07 08 09 11 32,09 17 21 31 36 37,03 08 11 22 28 39,01 05 27 31 33 39,quini-6.com.ar_blogger
2068,2013-08-05,07 08 16 27 29 39,02 08 21 24 31 37,03 29 31 32 41 45,03 08 13 21 22 26,github_imanzano_2006_2017
2069,2013-08-07,04 08 37 39 42 44,00 01 04 22 23 39,04 06 28 29 36 38,01 14 20 22 24 40,quini-6.com.ar_blogger
2070,2013-08-11,05 11 17 26 32 38,01 05 10 26 27 42,07 20 24 26 29 39,11 14 21 26 33 34,quini-6.com.ar_blogger
2071,2013-08-14,02 03 20 22 37 42,13 14 27 28 30 40,05 08 11 15 17 30,07 08 15 26 35 36,github_imanzano_2006_2017
2072,2013-08-18,03 04 12 13 27 32,02 22 26 27 30 42,16 26 29 32 39 41,00 03 16 21 39 40,quini-6.com.ar_blogger
2073,2013-08-21,02 17 30 37 38 39,03 08 13 18 24 40,03 09 11 32 33 40,10 13 25 31 35 41,quini-6.com.ar_blogger
2074,2013-08-25,12 13 19 22 37 38,09 11 17 24 26 31,01 10 17 19 33 41,05 08 10 11 30 41,quini-6.com.ar_blogger
2075,2013-08-28,00 05 25 28 33 34,02 06 16 19 36 38,01 16 20 29 30 39,02 11 13 18 24 25,quini-6.com.ar_blogger
2076,2013-09-01,08 12 18 20 21 42,11 16 17 23 26 36,08 10 13 18 28 32,01 28 32 34 35 37,github_imanzano_2006_2017
2077,2013-09-04,00 09 12 15 35 38,00 07 11 26 30 33,00 14 22 24 38 45,00 13 14 25 37 45,quini-6.com.ar_blogger
2078,2013-09-08,02 13 15 18 38 43,07 16 23 26 32 40,01 03 09 22 26 38,03 09 12 37 38 45,quini-6.com.ar_blogger
2079,2013-09-11,00 05 19 22 40 42,16 25 31 36 39 40,06 09 15 21 30 37,05 18 20 41 42 43,quini-6.com.ar_blogger
2080,2013-09-15,22 23 33 37 43 44,01 10 28 39 42 45,00 02 15 27 41 42,01 07 09 13 14 34,github_imanzano_2006_2017|quini-6.com.ar_blogger
2081,2013-09-18,03 10 26 32 36 37,10 15 16 18 25 34,05 09 34 35 36 37,00 02 08 19 30 42,quini-6.com.ar_blogger
2082,2013-09-22,04 07 13 36 37 40,02 08 14 18 34 45,10 18 19 35 39 44,06 08 16 29 38 40,quini-6.com.ar_blogger
2083,2013-09-25,06 19 32 34 44 45,04 28 31 35 38 45,00 01 09 16 19 42,13 17 18 22 26 35,quini-6.com.ar_blogger
2084,2013-09-29,02 13 23 24 32 40,05 18 20 23 31 41,00 09 12 13 36 39,01 11 19 22 28 40,quini-6.com.ar_blogger
2085,2013-10-02,03 19 32 34 40 43,02 05 15 18 33 35,01 02 13 15 25 31,04 06 17 23 29 34,quini-6.com.ar_blogger
2086,2013-10-06,05 09 29 31 32 38,08 09 20 29 42 44,04 08 15 20 41 43,10 17 24 33 34 35,quini-6.com.ar_blogger
2087,2013-10-09,08 28 31 38 39 45,00 04 06 13 20 45,06 19 25 32 37 44,02 13 26 32 41 42,github_imanzano_2006_2017
2088,2013-10-13,02 16 18 23 25 37,18 19 24 27 28 42,06 07 21 25 26 44,00 04 09 16 30 31,quini-6.com.ar_blogger
2089,2013-10-16,07 24 28 33 36 40,05 09 10 34 35 37,00 08 22 25 27 28,11 13 20 23 24 34,quini-6.com.ar_blogger
2090,2013-10-20,05 12 25 26 27 40,02 03 05 06 21 30,06 18 32 39 41 42,07 08 10 29 32 44,quini-6.com.ar_blogger
2091,2013-10-23,03 04 05 22 29 31,10 11 12 14 24 39,02 03 07 17 37 45,01 02 04 26 33 36,quini-6.com.ar_blogger
2092,2013-10-27,00 11 17 20 32 35,06 09 10 31 37 44,07 08 13 16 20 31,05 09 17 40 43 45,github_imanzano_2006_2017
2093,2013-10-30,05 11 17 19 37 45,13 16 18 24 26 27,08 10 17 37 38 43,01 02 03 14 30 36,github_imanzano_2006_2017
2094,2013-11-03,08 12 28 29 31 32,03 12 13 14 30 41,02 03 05 11 27 35,06 08 15 29 33 42,github_imanzano_2006_2017
2095,2013-11-06,01 21 35 37 43 44,01 28 30 36 43 45,04 11 14 24 29 43,11 22 32 35 37 39,quini-6.com.ar_blogger
2096,2013-11-10,06 07 19 25 31 37,03 10 12 29 30 39,03 05 07 16 24 43,04 16 20 31 37 41,quini-6.com.ar_blogger
2097,2013-11-13,05 10 15 25 28 30,09 19 20 24 27 38,13 15 25 40 41 43,05 06 08 10 12 29,quini-6.com.ar_blogger
2098,2013-11-17,01 02 17 23 24 30,03 05 19 34 36 41,07 10 15 22 39 40,00 12 27 31 39 43,quini-6.com.ar_blogger
2099,2013-11-20,01 02 14 27 40 45,00 02 10 12 23 38,10 22 25 30 31 37,03 06 26 33 37 44,quini-6.com.ar_blogger
2100,2013-11-24,02 23 28 37 40 44,01 18 24 30 38 45,05 17 19 32 33 40,00 04 19 20 30 32,quini-6.com.ar_blogger
2101,2013-11-27,05 15 25 27 31 44,06 07 13 18 27 38,03 24 26 32 37 44,02 06 12 19 39 41,quini-6.com.ar_blogger
2102,2013-12-01,05 07 09 17 29 38,14 20 21 26 39 42,03 06 24 36 38 44,03 05 08 18 20 25,quini-6.com.ar_blogger
2103,2013-12-04,01 02 08 11 28 36,02 09 10 26 27 35,06 10 11 23 24 38,08 14 20 26 32 37,quini-6.com.ar_blogger
2104,2013-12-08,00 11 14 20 33 42,07 14 22 23 31 34,01 06 09 13 34 35,05 06 10 23 28 31,quini-6.com.ar_blogger
2105,2013-12-11,06 09 10 14 26 33,00 09 13 35 42 43,13 17 27 28 31 33,04 05 15 16 33 44,quini-6.com.ar_blogger
2106,2013-12-15,00 02 07 24 35 38,00 01 06 10 15 28,03 06 12 19 20 24,07 09 18 29 31 40,quini-6.com.ar_blogger
2107,2013-12-18,10 11 20 29 31 40,00 04 19 20 26 41,01 05 15 19 38 39,00 08 11 12 26 41,quini-6.com.ar_blogger
2108,2013-12-22,09 15 16 21 35 38,02 03 08 28 38 39,03 04 05 09 33 44,03 05 15 23 33 37,quini-6.com.ar_blogger
2109,2013-12-26,00 02 09 35 39 44,10 17 18 25 27 35,03 09 35 41 42 45,01 03 08 10 11 13,quini-6.com.ar_blogger
2110,2013-12-29,02 09 11 26 31 42,01 06 30 31 39 44,03 04 18 21 31 44,00 07 08 13 21 32,quini-6.com.ar_blogger
2111,2014-01-02,00 06 08 26 44 45,05 12 16 21 36 40,09 10 12 14 24 26,05 12 29 30 34 44,quini-6.com.ar_blogger
2112,2014-01-05,15 23 24 31 37 40,14 17 20 29 33 45,00 04 29 30 40 42,07 08 21 24 32 35,quini-6.com.ar_blogger
2113,2014-01-08,06 11 16 23 38 42,00 01 07 08 18 31,01 09 22 39 40 43,00 06 37 43 44 45,quini-6.com.ar_blogger
2114,2014-01-12,08 15 23 26 29 43,05 06 08 12 29 40,11 14 16 23 24 43,02 08 28 31 43 44,quini-6.com.ar_blogger
2115,2014-01-15,05 10 11 35 37 39,06 19 22 27 39 43,00 05 25 35 40 41,01 05 20 22 25 45,quini-6.com.ar_blogger
2116,2014-01-19,01 09 11 14 24 25,05 06 10 11 33 40,03 20 25 27 29 33,12 16 19 24 39 44,quini-6.com.ar_blogger
2117,2014-01-22,02 16 17 31 33 41,13 20 25 36 42 44,04 09 10 37 41 44,02 03 11 15 18 44,quini-6.com.ar_blogger
2118,2014-01-26,02 06 09 11 18 19,06 17 25 37 43 45,05 11 21 23 27 36,04 06 12 22 24 27,quini-6.com.ar_blogger
2119,2014-01-29,15 21 24 25 28 40,23 27 31 35 40 42,02 23 28 31 33 41,16 26 32 36 43 45,quini-6.com.ar_blogger
2120,2014-02-02,04 13 15 17 26 28,13 29 30 32 35 40,00 06 10 22 24 38,06 13 16 20 31 39,quini-6.com.ar_blogger
2121,2014-02-05,08 20 36 39 40 43,06 14 16 20 23 40,18 22 23 42 43 45,16 24 28 34 37 41,quini-6.com.ar_blogger
2122,2014-02-09,04 19 20 24 26 36,02 07 12 13 16 45,04 06 11 23 27 44,10 16 19 26 35 36,quini-6.com.ar_blogger
2123,2014-02-12,01 04 06 08 13 24,06 10 11 14 33 41,02 19 28 33 34 43,01 02 26 27 28 41,quini-6.com.ar_blogger
2124,2014-02-16,01 03 07 10 31 35,10 16 23 32 36 41,02 08 11 14 32 37,04 05 08 09 13 24,quini-6.com.ar_blogger
2125,2014-02-19,04 05 08 16 26 29,08 19 31 34 37 44,00 07 17 22 26 32,13 14 22 26 36 37,quini-6.com.ar_blogger
2126,2014-02-23,06 07 18 39 42 44,00 03 06 08 39 41,00 01 21 27 32 37,02 09 17 25 34 43,quini-6.com.ar_blogger
2127,2014-02-26,01 03 04 16 24 31,10 13 15 31 34 42,05 08 22 23 41 43,01 12 30 36 39 43,quini-6.com.ar_blogger
2128,2014-03-02,04 07 10 11 21 27,05 07 11 17 21 43,00 09 21 28 29 33,02 05 08 17 24 44,quini-6.com.ar_blogger
2129,2014-03-05,01 10 23 24 34 38,06 09 36 37 41 45,05 11 14 16 19 34,02 12 16 17 38 43,quini-6.com.ar_blogger
2130,2014-03-09,03 11 14 18 28 37,05 10 12 19 23 34,02 22 28 29 33 43,25 27 33 35 39 42,quini-6.com.ar_blogger
2131,2014-03-12,05 08 13 23 29 30,11 12 21 26 31 35,01 05 12 28 42 44,01 05 26 27 43 44,quini-6.com.ar_blogger
2132,2014-03-16,06 16 32 35 39 41,04 08 12 17 23 40,06 19 28 30 34 40,01 22 31 34 35 45,quini-6.com.ar_blogger
2133,2014-03-19,15 19 20 25 28 45,08 11 20 26 35 38,01 20 22 23 28 36,02 05 10 31 34 39,quini-6.com.ar_blogger
2134,2014-03-23,00 01 08 12 13 24,07 08 29 30 33 45,11 19 23 34 41 45,04 05 11 27 32 42,quini-6.com.ar_blogger
2135,2014-03-26,09 12 23 33 37 40,01 13 15 31 32 40,04 08 11 12 26 42,03 11 12 24 27 40,quini-6.com.ar_blogger
2136,2014-03-30,00 08 30 37 41 45,01 08 15 17 29 45,04 10 11 22 23 28,20 26 32 41 42 45,quini-6.com.ar_blogger
2137,2014-04-03,26 27 32 34 39 44,01 02 05 19 20 25,00 07 12 25 39 45,00 04 08 12 39 45,quini-6.com.ar_blogger
2138,2014-04-06,03 10 13 14 21 44,03 06 17 28 36 44,06 07 18 21 31 39,07 08 19 22 41 45,quini-6.com.ar_blogger
2139,2014-04-09,02 07 20 33 40 45,07 11 14 24 30 41,23 25 30 34 37 39,15 30 38 39 40 42,quini-6.com.ar_blogger
2140,2014-04-13,07 17 24 25 26 40,04 05 12 22 37 42,03 04 27 39 40 43,09 19 21 23 26 31,quini-6.com.ar_blogger
2141,2014-04-16,03 07 08 35 37 38,06 19 25 27 40 45,02 10 36 37 40 41,04 17 18 20 30 34,quini-6.com.ar_blogger
2142,2014-04-20,11 13 19 20 42 45,02 03 12 22 29 33,06 15 18 26 29 34,00 05 06 15 28 34,quini-6.com.ar_blogger
2143,2014-04-23,01 18 25 26 31 40,05 08 10 18 20 23,03 22 35 39 40 42,05 27 28 29 35 38,quini-6.com.ar_blogger
2144,2014-04-27,05 17 31 34 35 41,05 06 12 33 41 43,04 25 27 28 31 32,08 10 14 33 40 43,quini-6.com.ar_blogger
2145,2014-04-30,03 23 31 39 42 45,05 11 16 23 26 37,11 24 26 28 41 43,00 03 16 28 31 33,quini-6.com.ar_blogger
2146,2014-05-04,02 05 14 25 29 44,10 15 23 24 38 44,03 11 19 21 41 45,01 02 11 20 30 42,quini-6.com.ar_blogger
2147,2014-05-07,00 09 19 21 24 39,05 06 18 23 25 35,08 35 37 43 44 45,05 17 25 31 35 44,quini-6.com.ar_blogger
2148,2014-05-11,11 18 27 34 41 44,17 18 21 22 27 38,07 10 15 19 39 43,20 22 24 26 27 43,quini-6.com.ar_blogger
2149,2014-05-14,06 15 26 27 31 41,02 06 10 20 24 44,00 12 16 17 21 45,05 10 19 31 35 39,quini-6.com.ar_blogger
2150,2014-05-18,09 10 23 29 31 45,03 04 14 16 21 23,01 03 08 09 25 45,04 11 33 38 43 44,quini-6.com.ar_blogger
2151,2014-05-21,00 07 13 14 17 41,00 02 11 19 23 42,00 11 16 23 36 40,05 16 19 29 32 42,quini-6.com.ar_blogger
2152,2014-05-25,02 05 07 11 13 43,01 07 15 22 40 41,06 08 11 22 26 34,01 03 15 34 36 37,quini-6.com.ar_blogger
2153,2014-05-28,00 01 17 28 31 36,01 05 07 15 42 43,09 15 22 25 27 31,05 08 09 18 32 36,quini-6.com.ar_blogger
2154,2014-06-01,18 25 27 32 34 40,05 09 14 22 27 28,01 09 18 21 25 40,02 08 11 19 40 45,quini-6.com.ar_blogger
2155,2014-06-04,00 12 16 22 37 41,11 19 21 28 32 40,16 18 28 29 31 39,00 04 08 19 31 41,quini-6.com.ar_blogger
2156,2014-06-08,06 08 21 24 28 45,00 07 16 33 36 38,06 07 12 19 22 29,00 08 09 20 32 45,quini-6.com.ar_blogger
2157,2014-06-11,01 04 05 22 41 42,17 18 19 23 24 41,07 11 27 30 37 41,01 03 05 07 11 34,quini-6.com.ar_blogger
2158,2014-06-15,06 07 19 29 32 39,05 15 17 22 35 38,04 23 29 37 40 41,01 02 07 36 39 40,quini-6.com.ar_blogger
2159,2014-06-18,10 20 21 26 41 45,02 08 09 27 38 45,00 13 16 29 38 43,04 05 08 10 11 23,quini-6.com.ar_blogger
2160,2014-06-22,06 09 14 15 19 24,03 19 22 25 32 38,04 12 16 20 24 40,05 09 24 28 37 41,quini-6.com.ar_blogger
2161,2014-06-25,03 17 22 23 37 44,05 13 23 36 41 45,11 19 23 28 35 43,06 11 17 28 33 37,quini-6.com.ar_blogger
2162,2014-06-29,00 06 12 19 25 29,05 06 18 25 34 42,01 08 14 16 21 36,02 09 12 28 36 39,quini-6.com.ar_blogger
2163,2014-07-02,04 14 21 32 44 45,10 27 33 34 39 45,06 10 12 16 28 38,08 15 18 19 31 39,quini-6.com.ar_blogger
2164,2014-07-06,02 03 06 14 15 39,05 07 10 19 20 45,12 15 16 20 37 44,03 09 10 15 22 29,quini-6.com.ar_blogger
2165,2014-07-10,12 15 26 41 42 43,02 07 15 22 39 45,01 11 16 25 34 40,14 18 22 26 32 41,quini-6.com.ar_blogger
2166,2014-07-13,00 09 27 39 41 45,03 07 19 36 37 44,08 20 28 37 38 41,03 12 33 36 40 45,quini-6.com.ar_blogger
2167,2014-07-16,06 09 21 25 35 44,06 08 21 27 28 39,01 06 11 24 29 40,09 10 11 15 30 36,quini-6.com.ar_blogger
2168,2014-07-20,06 15 20 36 40 42,01 02 26 31 33 40,08 13 15 23 29 37,05 09 15 23 24 36,quini-6.com.ar_blogger
2169,2014-07-23,03 12 21 28 34 39,03 09 11 33 41 42,02 20 26 33 41 45,16 19 23 24 38 39,quini-6.com.ar_blogger
2170,2014-07-27,02 20 33 42 43 44,07 08 09 11 15 30,14 15 17 23 27 34,03 11 26 28 34 45,quini-6.com.ar_blogger
2171,2014-07-30,13 24 28 33 36 40,12 17 20 23 36 43,03 07 20 23 26 31,04 05 14 23 35 44,quini-6.com.ar_blogger
2172,2014-08-03,04 10 12 21 35 40,05 24 25 29 39 42,13 15 16 28 36 44,05 10 14 19 33 34,quini-6.com.ar_blogger
2173,2014-08-06,03 09 15 18 24 29,08 12 24 25 33 36,04 22 38 39 43 44,00 02 08 28 31 43,quini-6.com.ar_blogger
2174,2014-08-10,00 03 16 25 29 30,03 13 24 27 29 35,01 04 11 15 24 32,13 22 24 32 38 44,quini-6.com.ar_blogger
2175,2014-08-13,03 08 15 21 22 26,06 16 17 24 26 43,18 28 32 35 36 45,00 01 14 19 22 26,quini-6.com.ar_blogger
2176,2014-08-17,05 29 31 32 38 40,12 17 22 23 35 36,02 04 09 16 17 45,21 27 28 30 39 44,quini-6.com.ar_blogger
2177,2014-08-20,01 12 19 30 36 44,02 26 30 35 38 43,08 09 10 18 22 33,00 15 18 22 28 38,quini-6.com.ar_blogger
2178,2014-08-24,13 16 17 23 24 43,11 16 17 25 29 43,01 07 25 28 34 36,09 10 12 31 38 45,quini-6.com.ar_blogger
2179,2014-08-27,00 11 21 32 41 42,09 12 13 26 29 36,13 19 34 40 41 44,08 15 28 40 42 45,quini-6.com.ar_blogger
2180,2014-08-31,09 11 21 22 33 39,00 22 31 32 34 43,06 14 33 38 41 43,16 27 35 39 42 43,quini-6.com.ar_blogger
2181,2014-09-03,08 10 27 34 36 44,06 18 26 31 35 44,05 14 21 22 34 44,02 24 33 35 39 42,quini-6.com.ar_blogger
2182,2014-09-07,06 20 22 25 32 36,19 22 24 31 32 34,03 09 14 16 27 37,07 20 22 26 32 43,quini-6.com.ar_blogger
2183,2014-09-10,07 20 28 29 30 32,02 06 20 35 39 43,14 15 23 31 34 40,19 25 27 34 40 43,quini-6.com.ar_blogger
2184,2014-09-14,16 30 31 33 40 42,10 12 17 27 28 37,06 11 28 29 31 43,04 15 24 27 32 37,quini-6.com.ar_blogger
2185,2014-09-17,01 07 14 19 30 38,06 21 31 32 33 42,05 13 36 37 39 45,02 13 25 28 37 43,quini-6.com.ar_blogger
2186,2014-09-21,04 08 14 21 27 31,10 15 24 25 26 35,03 17 19 27 35 39,04 10 12 19 41 43,quini-6.com.ar_blogger
2187,2014-09-24,00 22 24 27 29 41,20 33 34 38 39 44,01 19 24 26 38 39,22 26 28 32 39 41,quini-6.com.ar_blogger
2188,2014-09-28,08 10 22 28 33 41,16 31 37 38 42 43,03 05 13 18 30 33,00 09 26 34 39 40,quini-6.com.ar_blogger
2189,2014-10-01,04 12 38 42 43 44,01 04 14 17 26 45,08 23 24 26 32 45,11 20 22 27 29 39,quini-6.com.ar_blogger
2190,2014-10-05,08 09 18 21 34 35,09 15 24 27 35 44,00 08 09 17 27 30,05 10 15 20 29 31,quini-6.com.ar_blogger
2191,2014-10-08,02 05 20 26 38 42,04 07 13 21 39 42,04 08 11 17 18 30,06 11 13 32 36 37,quini-6.com.ar_blogger
2192,2014-10-12,11 17 31 35 36 42,09 24 26 41 42 45,05 20 23 25 31 38,08 10 16 20 23 31,quini-6.com.ar_blogger
2193,2014-10-15,18 20 23 33 38 45,05 11 13 31 37 45,06 09 10 13 27 28,17 26 28 38 39 43,quini-6.com.ar_blogger
2194,2014-10-19,07 18 25 26 32 36,16 20 32 34 35 44,00 01 04 19 32 43,04 05 07 15 33 35,quini-6.com.ar_blogger
2195,2014-10-22,03 05 13 29 39 41,02 09 22 33 39 40,04 09 18 30 31 44,05 10 14 28 31 42,quini-6.com.ar_blogger
2196,2014-10-26,01 10 13 14 26 33,01 04 07 14 21 26,05 15 25 29 37 39,04 19 31 32 34 40,quini-6.com.ar_blogger
2197,2014-10-29,06 18 22 30 31 37,02 05 34 39 41 42,01 06 11 14 44 45,00 03 08 13 14 43,quini-6.com.ar_blogger
2198,2014-11-02,01 07 20 34 37 43,01 04 13 20 30 39,02 09 30 33 43 44,00 07 10 24 36 45,quini-6.com.ar_blogger
2199,2014-11-05,10 14 33 34 36 42,04 05 13 24 33 34,08 09 13 22 38 39,01 03 16 22 29 33,quini-6.com.ar_blogger
2200,2014-11-09,14 17 20 21 28 35,21 26 33 36 43 45,06 12 14 23 31 33,00 07 21 27 35 41,quini-6.com.ar_blogger
2201,2014-11-12,03 05 15 20 33 43,04 16 22 26 31 33,04 11 18 19 22 32,00 06 19 27 32 39,quini-6.com.ar_blogger
2202,2014-11-16,11 12 22 29 36 44,01 09 11 15 19 31,13 22 23 25 26 41,01 10 19 21 30 36,quini-6.com.ar_blogger
2203,2014-11-19,00 02 09 22 23 34,03 06 12 13 14 36,08 10 17 20 21 30,00 17 22 26 28 40,quini-6.com.ar_blogger
2204,2014-11-23,01 07 18 20 34 42,04 25 31 36 40 42,06 08 11 20 29 45,02 12 26 29 35 39,quini-6.com.ar_blogger
2205,2014-11-26,07 11 14 25 32 36,02 03 06 22 31 34,03 12 16 19 26 36,06 09 17 23 24 39,quini-6.com.ar_blogger
2206,2014-11-30,07 10 28 30 34 39,04 24 27 31 36 45,01 05 12 22 36 37,11 12 16 19 32 44,quini-6.com.ar_blogger
2207,2014-12-03,03 04 11 16 33 37,20 25 26 34 41 45,11 12 17 38 39 45,03 05 08 29 41 44,quini-6.com.ar_blogger
2208,2014-12-07,00 15 25 26 37 43,01 03 15 25 33 45,08 17 20 35 37 45,00 08 25 29 43 45,quini-6.com.ar_blogger
2209,2014-12-10,08 12 17 19 29 45,07 11 12 16 19 28,17 18 23 26 31 42,03 04 05 08 20 29,quini-6.com.ar_blogger
2210,2014-12-14,09 21 26 27 28 45,00 04 22 35 42 43,26 28 29 42 43 44,10 12 18 19 27 37,quini-6.com.ar_blogger
2211,2014-12-17,11 17 22 23 40 42,00 13 27 28 37 40,08 18 24 28 30 43,02 06 29 31 33 43,quini-6.com.ar_blogger
2212,2014-12-21,05 08 15 22 36 42,21 26 33 34 35 39,00 03 10 19 35 40,04 05 14 31 36 42,quini-6.com.ar_blogger
2213,2014-12-23,13 17 20 22 40 43,05 12 16 18 21 24,17 23 24 32 36 45,25 28 31 37 42 45,quini-6.com.ar_blogger
2214,2014-12-28,09 19 28 34 41 43,01 03 11 15 24 27,01 06 08 22 28 38,15 22 24 27 37 41,quini-6.com.ar_blogger
2215,2014-12-30,06 13 33 36 41 45,03 10 18 20 41 44,11 14 27 37 41 42,02 07 10 15 27 38,quini-6.com.ar_blogger
2216,2015-01-04,06 19 32 35 39 40,04 06 23 29 30 43,01 23 28 31 35 37,12 25 30 36 40 45,quini-6.com.ar_blogger
2217,2015-01-07,01 21 24 31 37 40,11 27 32 37 41 43,05 06 16 35 40 44,03 08 18 27 39 43,quini-6.com.ar_blogger
2218,2015-01-11,04 07 16 25 29 44,03 05 06 22 37 38,05 20 26 29 35 37,17 21 32 36 38 44,quini-6.com.ar_blogger
2219,2015-01-14,03 15 17 23 29 33,11 17 22 26 27 43,17 23 25 27 43 44,15 21 28 32 42 43,quini-6.com.ar_blogger
2220,2015-01-18,02 11 17 19 37 43,02 11 15 27 34 43,04 09 10 20 33 39,05 11 17 20 26 39,quini-6.com.ar_blogger
2221,2015-01-21,04 08 24 31 35 45,00 06 12 13 24 36,04 12 14 18 21 31,05 06 07 18 21 28,quini-6.com.ar_blogger
2222,2015-01-25,09 11 15 16 25 35,03 19 22 27 37 42,00 14 18 23 29 40,12 13 22 25 31 39,quini-6.com.ar_blogger
2223,2015-01-28,09 12 14 15 24 44,02 04 21 37 44 45,06 12 27 28 30 38,00 04 05 29 40 43,quini-6.com.ar_blogger
2224,2015-02-01,02 13 37 41 43 44,04 06 08 09 32 37,19 21 28 29 40 44,10 22 24 28 32 35,quini-6.com.ar_blogger
2225,2015-02-04,02 13 24 28 39 40,05 11 38 39 41 44,10 24 27 33 37 39,01 15 32 38 44 45,quini-6.com.ar_blogger
2226,2015-02-08,12 19 27 34 35 39,11 12 16 24 29 35,01 19 24 26 29 37,08 18 29 30 42 44,quini-6.com.ar_blogger
2227,2015-02-11,04 09 11 20 21 24,02 03 05 22 33 36,01 15 17 27 28 29,17 21 26 32 38 44,quini-6.com.ar_blogger
2228,2015-02-15,10 16 18 27 31 40,02 06 17 18 28 43,04 05 07 23 26 41,00 04 25 37 38 40,github_imanzano_2006_2017
2229,2015-02-21,00 13 23 32 37 44,02 09 15 19 24 40,00 03 29 30 36 38,02 10 11 28 30 32,quini-6.com.ar_blogger
2230,2015-02-22,10 14 21 22 31 39,00 04 12 28 37 45,01 10 24 32 35 39,12 18 33 34 43 44,quini-6.com.ar_blogger
2231,2015-02-25,01 05 15 16 22 39,14 18 19 21 25 44,24 29 30 37 38 40,07 09 14 16 29 39,quini-6.com.ar_blogger
2232,2015-03-01,02 08 17 18 32 42,04 18 21 25 38 43,25 26 27 34 36 45,00 15 23 28 29 34,quini-6.com.ar_blogger
2233,2015-03-04,16 19 25 26 28 45,00 14 15 20 24 43,05 24 27 31 38 40,02 08 09 25 31 34,quini-6.com.ar_blogger
2234,2015-03-08,07 09 12 14 38 40,00 10 16 26 28 45,01 15 18 19 27 39,01 22 31 35 36 38,quini-6.com.ar_blogger
2235,2015-03-11,17 18 27 30 33 35,00 02 04 06 26 28,11 14 16 21 30 35,13 16 18 24 42 43,quini-6.com.ar_blogger
2236,2015-03-15,04 18 25 31 34 39,02 15 20 22 31 45,04 12 23 37 38 45,01 12 25 28 30 44,quini-6.com.ar_blogger
2237,2015-03-18,01 29 33 35 37 42,19 20 26 31 36 42,06 08 26 27 34 43,05 12 19 38 42 44,quini-6.com.ar_blogger
2238,2015-03-22,01 04 08 28 41 42,05 08 16 19 29 45,01 02 09 18 36 45,14 17 29 32 34 40,quini-6.com.ar_blogger
2239,2015-03-25,00 03 27 31 36 41,17 18 20 27 32 45,05 12 18 23 27 40,08 11 14 20 34 36,quini-6.com.ar_blogger
2240,2015-03-29,01 17 19 28 33 45,05 14 23 25 38 42,04 12 29 30 36 40,03 09 22 27 41 43,quini-6.com.ar_blogger
2241,2015-04-01,02 08 20 28 34 41,00 02 06 23 32 40,04 09 19 24 34 36,15 17 19 25 28 44,quini-6.com.ar_blogger
2242,2015-04-05,03 04 12 13 22 35,02 20 24 29 33 40,08 09 13 17 21 34,01 02 03 23 32 40,quini-6.com.ar_blogger
2243,2015-04-08,07 08 22 31 36 37,01 03 16 17 19 36,03 04 16 29 36 38,05 12 13 28 31 44,quini-6.com.ar_blogger
2244,2015-04-12,01 08 13 22 29 44,00 04 05 13 31 45,12 21 25 32 44 45,12 20 23 29 36 42,quini-6.com.ar_blogger
2245,2015-04-15,14 21 23 25 41 45,02 10 13 17 27 36,00 04 07 30 37 42,08 28 32 37 44 45,quini-6.com.ar_blogger
2246,2015-04-19,12 18 23 26 34 36,00 01 22 23 35 44,05 11 13 16 40 45,07 08 21 23 27 32,quini-6.com.ar_blogger
2247,2015-04-22,03 17 22 26 37 40,07 13 15 17 37 41,01 04 13 19 42 43,07 12 19 25 32 40,quini-6.com.ar_blogger
2248,2015-04-26,16 21 32 39 44 45,04 24 27 31 41 44,06 07 11 35 37 44,08 11 13 30 36 38,quini-6.com.ar_blogger
2249,2015-04-29,01 05 06 20 41 42,01 02 05 31 37 42,08 10 27 31 36 41,06 22 26 28 30 43,quini-6.com.ar_blogger
2250,2015-05-03,01 12 16 24 35 38,11 20 21 29 30 36,06 14 17 36 41 44,09 14 22 31 35 38,quini-6.com.ar_blogger
2251,2015-05-06,09 21 26 32 33 45,10 15 16 18 35 37,03 09 24 25 31 41,04 11 21 23 36 39,quini-6.com.ar_blogger
2252,2015-05-10,14 19 26 29 39 44,05 16 30 36 41 44,04 05 06 08 17 43,00 01 13 30 39 42,quini-6.com.ar_blogger
2253,2015-05-13,07 10 22 30 38 42,04 06 12 14 25 28,00 02 14 26 36 37,13 17 19 30 42 44,quini-6.com.ar_blogger
2254,2015-05-17,01 24 33 34 37 40,05 07 19 25 26 33,04 10 12 16 18 26,09 11 21 26 28 30,quini-6.com.ar_blogger
2255,2015-05-20,10 17 27 31 41 43,16 21 27 39 40 43,00 02 08 14 23 33,05 10 12 21 28 39,quini-6.com.ar_blogger
2256,2015-05-24,08 09 11 19 20 44,00 02 04 26 29 35,02 04 26 41 42 44,03 07 13 20 38 41,quini-6.com.ar_blogger
2257,2015-05-27,11 22 23 32 33 40,12 14 17 39 40 42,01 07 10 15 36 38,16 17 38 42 44 45,quini-6.com.ar_blogger
2258,2015-05-31,02 17 20 23 27 44,04 13 16 25 33 39,14 25 27 29 34 35,14 15 16 29 36 44,quini-6.com.ar_blogger
2259,2015-06-03,06 13 14 18 26 28,05 08 12 35 40 41,06 10 19 32 37 40,14 17 18 26 39 41,quini-6.com.ar_blogger
2260,2015-06-07,01 06 07 13 16 42,13 25 28 30 42 44,20 24 33 35 37 39,09 10 20 31 32 37,quini-6.com.ar_blogger
2261,2015-06-10,04 10 25 27 34 45,20 27 30 34 36 37,04 13 24 32 39 43,11 12 14 24 31 32,quini-6.com.ar_blogger
2262,2015-06-14,04 12 15 16 33 40,08 12 18 26 44 45,15 25 30 32 36 40,07 11 22 24 44 45,quini-6.com.ar_blogger
2263,2015-06-17,00 03 04 19 31 38,03 12 16 29 35 36,08 11 20 28 29 37,17 25 29 31 36 44,quini-6.com.ar_blogger
2264,2015-06-21,01 18 27 28 43 45,05 08 16 21 41 43,05 06 07 15 24 41,02 09 10 13 15 18,quini-6.com.ar_blogger
2265,2015-06-24,07 30 31 36 39 40,00 05 25 36 38 40,02 15 18 23 31 33,08 11 25 27 29 36,quini-6.com.ar_blogger
2266,2015-06-28,00 11 13 22 27 45,07 09 21 32 36 37,20 24 33 34 38 43,09 11 13 16 26 39,quini-6.com.ar_blogger
2267,2015-07-01,03 04 14 31 33 37,00 24 26 30 36 44,02 11 25 33 36 39,08 09 32 38 40 42,quini-6.com.ar_blogger
2268,2015-07-05,05 09 11 13 15 28,07 11 20 30 36 44,01 04 33 36 39 41,12 13 17 29 30 44,quini-6.com.ar_blogger
2269,2015-07-08,01 07 17 20 32 37,09 23 29 30 39 41,07 26 27 37 39 43,03 09 20 34 39 44,quini-6.com.ar_blogger
2270,2015-07-12,06 08 20 21 26 35,05 08 22 31 37 43,00 04 10 21 37 39,00 09 12 26 34 40,quini-6.com.ar_blogger
2271,2015-07-15,06 09 12 17 36 40,02 06 08 23 39 42,00 04 07 22 27 41,04 15 16 36 39 44,quini-6.com.ar_blogger
2272,2015-07-19,00 07 09 14 27 31,06 09 10 18 34 39,04 07 08 09 23 26,02 12 16 24 33 40,quini-6.com.ar_blogger
2273,2015-07-22,17 20 21 22 31 34,03 06 15 28 37 40,06 10 12 23 27 34,02 16 19 29 37 42,quini-6.com.ar_blogger
2274,2015-07-26,04 08 21 27 34 40,04 11 14 16 21 42,10 11 13 17 19 20,09 13 18 23 31 39,quini-6.com.ar_blogger
2275,2015-07-29,02 15 18 28 40 44,03 10 20 33 38 43,00 09 22 37 40 43,08 17 24 25 27 37,quini-6.com.ar_blogger
2276,2015-08-02,04 09 24 26 34 38,04 07 11 13 21 33,00 17 21 29 31 43,01 16 20 35 36 38,quini-6.com.ar_blogger
2277,2015-08-05,13 17 21 28 33 45,00 01 14 20 24 31,10 14 24 26 28 31,02 08 28 30 41 42,quini-6.com.ar_blogger
2278,2015-08-09,16 27 33 41 42 45,02 17 18 20 26 36,00 02 12 23 25 26,13 22 27 38 41 45,quini-6.com.ar_blogger
2279,2015-08-12,07 10 12 22 23 45,04 07 15 25 26 45,04 09 20 22 32 33,03 16 31 36 38 44,quini-6.com.ar_blogger
2280,2015-08-16,01 29 35 37 40 43,04 15 18 37 39 40,04 06 12 19 29 38,02 05 16 17 30 37,quini-6.com.ar_blogger
2281,2015-08-19,00 03 06 17 18 43,18 23 29 34 37 43,02 10 12 18 28 42,20 25 26 38 43 45,quini-6.com.ar_blogger
2282,2015-08-23,00 12 15 20 26 36,00 11 13 39 41 44,04 12 15 26 30 36,00 18 21 30 31 40,quini-6.com.ar_blogger
2283,2015-08-26,08 15 16 21 43 44,22 25 33 36 43 45,01 02 08 09 27 30,15 19 23 25 26 36,quini-6.com.ar_blogger
2284,2015-08-30,01 15 32 33 37 39,00 11 17 20 22 31,07 12 18 24 34 42,02 15 21 36 37 39,quini-6.com.ar_blogger
2285,2015-09-02,04 19 21 29 33 37,13 21 22 24 31 38,06 07 25 29 30 42,17 18 28 29 37 38,quini-6.com.ar_blogger
2286,2015-09-06,03 05 11 28 37 45,07 20 28 35 44 45,00 01 10 18 19 37,06 07 31 36 37 44,quini-6.com.ar_blogger
2287,2015-09-09,01 06 12 22 28 40,06 07 09 18 24 45,07 21 22 23 28 42,01 02 08 13 28 33,quini-6.com.ar_blogger
2288,2015-09-13,10 22 27 31 38 40,13 34 36 38 39 42,03 16 17 19 34 43,00 21 26 27 32 33,quini-6.com.ar_blogger
2289,2015-09-16,00 08 10 11 14 24,17 21 24 31 39 44,02 09 16 19 38 40,00 15 25 32 34 40,quini-6.com.ar_blogger
2290,2015-09-20,03 28 33 34 37 38,03 06 08 13 31 42,08 21 24 34 37 41,17 23 24 33 36 38,quini-6.com.ar_blogger
2291,2015-09-23,10 13 18 19 22 38,15 25 28 36 38 42,12 20 28 30 35 45,05 07 13 21 30 41,quini-6.com.ar_blogger
2292,2015-09-27,03 11 12 23 35 36,04 15 22 28 29 30,10 14 33 40 43 44,03 13 15 20 22 31,quini-6.com.ar_blogger
2293,2015-09-30,05 21 23 24 37 39,02 27 28 38 41 45,00 01 11 14 23 29,02 28 32 33 39 45,quini-6.com.ar_blogger
2294,2015-10-04,00 10 16 29 35 40,03 10 22 27 36 40,02 04 11 16 28 42,03 15 23 33 34 38,quini-6.com.ar_blogger
2295,2015-10-07,03 10 17 21 27 39,00 02 12 28 38 41,07 08 12 15 41 42,28 35 37 42 43 45,quini-6.com.ar_blogger
2296,2015-10-11,04 08 18 35 37 45,00 05 19 30 38 42,11 14 17 26 30 44,02 15 16 22 36 45,quini-6.com.ar_blogger
2297,2015-10-14,07 15 25 28 31 34,08 10 11 21 34 45,05 09 24 26 35 38,03 10 21 25 29 30,quini-6.com.ar_blogger
2298,2015-10-18,08 11 16 29 33 42,01 10 19 23 29 33,00 04 24 25 34 42,06 07 24 32 34 41,quini-6.com.ar_blogger
2299,2015-10-21,12 22 28 33 35 36,00 06 13 24 37 44,01 09 20 28 37 42,07 26 29 34 39 44,quini-6.com.ar_blogger
2300,2015-10-25,12 14 17 26 30 42,06 11 18 19 24 44,09 10 19 26 30 40,14 16 22 27 36 41,quini-6.com.ar_blogger
2301,2015-10-28,03 06 19 35 41 44,09 12 16 27 30 36,03 10 14 16 29 33,07 16 19 31 38 45,quini-6.com.ar_blogger
2302,2015-11-01,01 20 25 26 29 30,02 10 12 15 19 20,04 11 25 27 34 38,13 17 21 29 32 44,quini-6.com.ar_blogger
2303,2015-11-04,03 05 07 24 31 37,00 02 12 15 33 45,03 04 09 12 22 44,12 14 27 32 33 40,quini-6.com.ar_blogger
2304,2015-11-08,02 03 20 22 25 30,08 12 15 24 35 42,00 06 15 31 33 43,04 06 14 19 32 34,quini-6.com.ar_blogger
2305,2015-11-11,00 06 13 27 28 33,07 13 14 26 28 34,09 15 25 40 41 45,21 24 30 32 36 42,quini-6.com.ar_blogger
2306,2015-11-15,06 08 13 15 21 44,00 02 05 19 20 36,05 14 31 34 38 43,00 07 09 22 25 44,quini-6.com.ar_blogger
2307,2015-11-18,00 24 27 36 38 44,08 11 13 17 34 43,25 31 33 35 36 38,08 11 17 25 28 45,quini-6.com.ar_blogger
2308,2015-11-22,06 10 14 26 30 42,12 13 37 39 41 44,02 07 27 31 35 43,14 19 26 30 39 45,quini-6.com.ar_blogger
2309,2015-11-25,12 13 22 31 40 44,11 18 21 31 33 41,07 12 27 34 35 40,14 18 20 28 31 43,quini-6.com.ar_blogger
2310,2015-11-29,10 19 22 31 36 39,01 04 05 06 27 44,04 06 07 09 12 44,25 28 31 32 38 43,quini-6.com.ar_blogger
2311,2015-12-02,05 07 17 21 34 43,06 09 10 11 24 35,03 09 12 13 20 23,01 04 08 19 20 26,quini-6.com.ar_blogger
2312,2015-12-06,02 06 13 19 31 36,00 08 11 26 28 32,01 11 13 20 22 24,01 11 29 31 32 41,quini-6.com.ar_blogger
2313,2015-12-09,07 18 25 30 32 44,00 03 18 37 42 44,02 05 19 23 34 40,02 03 18 25 36 38,quini-6.com.ar_blogger
2314,2015-12-13,10 29 30 32 35 39,06 18 24 33 36 42,04 18 20 23 25 35,01 14 17 30 36 45,quini-6.com.ar_blogger
2315,2015-12-16,02 03 04 10 18 19,04 18 30 33 39 41,00 04 08 19 21 29,00 22 23 34 38 44,quini-6.com.ar_blogger
2316,2015-12-20,11 14 15 19 21 28,21 33 35 37 41 43,00 10 14 15 22 45,04 13 14 32 42 45,quini-6.com.ar_blogger
2317,2015-12-23,11 16 28 29 32 42,05 15 17 27 37 40,05 11 16 19 24 39,11 14 15 16 26 34,quini-6.com.ar_blogger
2318,2015-12-27,20 21 24 27 35 39,05 15 22 23 29 36,07 17 19 22 38 41,01 02 05 14 23 30,quini-6.com.ar_blogger
2319,2015-12-30,07 19 21 30 40 41,05 22 28 36 37 39,12 18 24 27 29 34,02 10 26 29 40 44,quini-6.com.ar_blogger
2320,2016-01-03,09 14 17 33 43 44,00 02 06 09 28 41,11 26 31 39 43 44,08 13 26 29 36 42,quini-6.com.ar_blogger
2321,2016-01-06,14 21 27 34 39 44,09 12 21 28 29 30,11 21 24 31 34 40,06 11 18 32 33 40,quini-6.com.ar_blogger
2322,2016-01-10,02 03 13 28 42 45,04 12 15 21 31 33,00 07 11 25 32 43,09 13 17 28 31 34,quini-6.com.ar_blogger
2323,2016-01-13,08 15 16 22 24 45,17 23 24 32 41 42,01 11 14 22 32 45,02 03 04 26 28 35,quini-6.com.ar_blogger
2324,2016-01-17,09 11 12 20 21 23,08 10 21 27 38 43,00 14 21 23 24 36,07 27 29 35 41 43,quini-6.com.ar_blogger
2325,2016-01-20,12 18 22 23 36 43,00 07 14 22 30 34,00 02 15 26 35 45,09 17 19 20 26 27,quini-6.com.ar_blogger
2326,2016-01-24,02 07 09 23 27 43,06 16 24 31 36 44,08 10 18 19 23 29,20 21 27 28 32 34,quini-6.com.ar_blogger
2327,2016-01-27,06 13 15 20 24 29,02 08 14 24 27 39,04 14 26 32 36 37,01 09 14 36 39 42,quini-6.com.ar_blogger
2328,2016-01-31,09 13 14 30 31 38,00 08 10 13 36 39,00 26 32 38 39 42,06 12 18 22 35 39,quini-6.com.ar_blogger
2329,2016-02-03,00 01 04 25 26 31,09 14 24 29 42 44,03 22 26 28 36 40,09 13 22 30 36 45,quini-6.com.ar_blogger
2330,2016-02-07,16 18 19 31 33 42,05 14 20 35 37 41,05 17 21 22 43 45,05 10 12 19 26 42,quini-6.com.ar_blogger
2331,2016-02-10,05 30 34 39 40 44,16 22 23 34 35 39,10 27 37 43 44 45,07 11 13 36 39 40,quini-6.com.ar_blogger
2332,2016-02-14,04 12 17 22 31 43,01 20 28 36 41 42,05 08 19 24 25 26,00 19 33 35 42 45,quini-6.com.ar_blogger
2333,2016-02-17,06 14 22 25 30 41,04 35 36 38 44 45,02 17 18 19 37 39,07 10 20 23 24 39,quini-6.com.ar_blogger
2334,2016-02-21,20 24 29 37 40 43,19 28 34 41 43 44,19 22 35 36 37 43,09 15 16 24 30 31,quini-6.com.ar_blogger
2335,2016-02-24,05 15 32 37 38 44,17 20 27 32 36 40,11 17 19 22 37 41,14 18 23 30 32 34,quini-6.com.ar_blogger
2336,2016-02-28,12 16 27 41 43 44,03 07 08 16 39 43,04 10 12 18 25 36,03 17 30 34 41 45,quini-6.com.ar_blogger
2337,2016-03-02,06 10 24 32 39 40,00 05 07 11 17 29,02 13 23 32 36 43,04 12 16 31 32 37,quini-6.com.ar_blogger
2338,2016-03-06,07 10 24 25 27 34,03 04 06 12 37 40,04 11 15 19 26 43,13 14 15 22 37 45,quini-6.com.ar_blogger
2339,2016-03-09,06 12 31 34 35 43,00 04 05 15 36 41,12 23 27 28 37 45,00 01 13 31 32 40,quini-6.com.ar_blogger
2340,2016-03-13,05 20 23 27 41 43,04 06 10 12 20 38,01 07 14 19 24 45,01 05 09 18 25 38,quini-6.com.ar_blogger
2341,2016-03-16,07 14 21 32 33 38,00 02 03 22 42 45,12 17 21 24 29 41,00 20 21 22 36 44,quini-6.com.ar_blogger
2342,2016-03-20,08 09 24 33 38 41,01 13 17 36 39 43,22 36 38 40 43 45,01 15 34 39 42 45,quini-6.com.ar_blogger
2343,2016-03-23,02 08 20 24 26 36,12 19 27 32 42 43,02 07 10 12 18 22,10 14 18 21 24 33,quini-6.com.ar_blogger
2344,2016-03-27,02 18 24 27 38 41,00 08 17 30 31 36,00 22 23 30 36 40,07 11 19 21 33 43,quini-6.com.ar_blogger
2345,2016-03-30,03 04 08 18 23 45,13 20 25 31 36 37,09 10 13 18 21 23,03 05 19 24 30 45,quini-6.com.ar_blogger
2346,2016-04-03,00 02 06 29 36 44,06 08 22 26 34 37,13 17 22 26 28 32,01 02 10 12 15 44,quini-6.com.ar_blogger
2347,2016-04-06,11 13 21 30 39 41,13 20 27 29 32 37,07 08 13 17 22 30,02 05 06 13 24 31,quini-6.com.ar_blogger
2348,2016-04-10,04 22 27 32 34 42,00 05 24 36 39 40,01 09 22 26 35 37,06 14 17 21 30 33,quini-6.com.ar_blogger
2349,2016-04-13,00 03 20 26 33 38,01 10 24 34 36 37,00 04 23 28 31 45,04 08 16 29 35 37,quini-6.com.ar_blogger
2350,2016-04-17,02 03 14 24 26 27,06 27 29 31 34 36,16 25 30 34 43 44,00 21 26 34 39 43,quini-6.com.ar_blogger
2351,2016-04-20,06 09 13 26 31 41,05 15 33 34 38 39,02 05 13 24 38 39,22 25 29 30 32 40,quini-6.com.ar_blogger
2352,2016-04-24,10 11 13 29 35 37,01 13 17 24 26 37,22 30 35 41 43 45,00 05 15 29 31 37,quini-6.com.ar_blogger
2353,2016-04-27,00 08 13 18 28 42,18 21 22 25 40 44,10 11 18 23 28 34,01 03 14 18 21 36,quini-6.com.ar_blogger
2354,2016-05-02,02 06 21 23 30 44,02 13 18 19 20 41,12 14 26 32 33 36,11 12 20 40 42 43,quini-6.com.ar_blogger
2355,2016-05-04,01 05 13 22 25 39,03 09 36 38 40 41,02 18 28 30 44 45,06 09 11 13 26 45,quini-6.com.ar_blogger
2356,2016-05-08,03 09 10 32 36 40,05 23 35 39 43 45,13 25 36 37 39 44,15 16 31 33 34 44,quini-6.com.ar_blogger
2357,2016-05-11,14 23 24 26 29 41,12 20 24 36 42 43,09 18 32 38 39 41,10 21 27 35 36 41,quini-6.com.ar_blogger
2358,2016-05-15,09 11 23 27 32 34,06 23 26 28 33 43,08 18 23 35 38 41,06 26 27 28 38 39,quini-6.com.ar_blogger
2359,2016-05-18,01 12 14 20 24 31,15 18 22 27 31 43,02 09 16 20 24 35,06 11 12 29 30 34,quini-6.com.ar_blogger
2360,2016-05-22,19 33 35 38 42 43,06 07 15 17 29 34,02 04 11 13 16 25,02 07 10 20 22 31,quini-6.com.ar_blogger
2361,2016-05-26,10 16 18 30 41 42,00 03 26 33 34 37,01 04 07 11 17 37,10 11 16 17 29 41,quini-6.com.ar_blogger
2362,2016-05-29,08 11 14 34 41 45,02 04 05 13 19 41,06 07 09 15 31 36,03 09 13 14 19 32,quini-6.com.ar_blogger
2363,2016-06-01,14 26 31 32 42 44,01 16 18 24 30 35,01 05 07 12 16 35,10 17 31 38 40 41,quini-6.com.ar_blogger
2364,2016-06-05,03 10 15 20 27 36,04 10 17 21 40 43,01 07 09 19 29 45,17 18 24 30 41 44,quini-6.com.ar_blogger
2365,2016-06-08,02 13 23 24 30 37,02 06 23 24 37 45,01 16 39 41 42 43,06 08 14 25 36 40,quini-6.com.ar_blogger
2366,2016-06-12,07 16 21 35 40 44,02 08 16 18 24 26,01 03 05 15 26 28,13 15 19 23 25 41,quini-6.com.ar_blogger
2367,2016-06-15,02 04 06 33 36 45,13 14 15 30 35 44,01 18 19 26 27 33,06 21 23 25 26 35,quini-6.com.ar_blogger
2368,2016-06-19,09 12 15 16 28 36,07 13 16 33 38 39,04 07 11 29 34 44,04 09 10 20 21 44,quini-6.com.ar_blogger
2369,2016-06-22,02 22 29 33 35 45,01 02 22 35 36 42,03 19 20 21 24 28,13 16 25 33 36 43,quini-6.com.ar_blogger
2370,2016-06-26,14 16 18 27 31 42,01 04 20 21 40 42,02 06 07 12 26 30,09 16 21 22 25 36,quini-6.com.ar_blogger
2371,2016-06-29,01 15 26 29 34 39,03 12 24 26 29 33,04 06 14 29 39 40,03 14 23 36 38 44,quini-6.com.ar_blogger
2372,2016-07-03,00 14 16 29 34 44,10 12 17 26 32 37,04 07 11 16 38 39,01 13 20 26 35 41,quini-6.com.ar_blogger
2373,2016-07-06,02 19 25 32 39 40,02 06 19 20 21 22,01 03 06 15 39 42,03 07 09 10 26 44,quini-6.com.ar_blogger
2374,2016-07-10,05 10 31 33 37 40,00 20 27 30 32 40,00 05 26 30 32 33,08 16 17 22 38 40,quini-6.com.ar_blogger
2375,2016-07-13,02 04 06 16 30 37,02 03 33 38 41 42,17 29 31 34 42 43,01 02 22 24 31 40,quini-6.com.ar_blogger
2376,2016-07-17,01 10 21 31 36 45,00 04 05 12 21 40,02 03 14 32 36 43,00 10 14 21 35 42,quini-6.com.ar_blogger
2377,2016-07-20,03 25 27 35 39 44,01 04 12 13 21 44,08 21 24 34 36 43,04 06 27 29 42 45,quini-6.com.ar_blogger
2378,2016-07-24,01 06 21 37 41 44,00 11 13 15 21 40,03 17 23 26 27 42,03 05 07 10 14 20,quini-6.com.ar_blogger
2379,2016-07-27,05 06 12 29 35 36,04 23 28 31 35 40,05 10 11 25 34 40,03 04 14 29 31 45,quini-6.com.ar_blogger
2380,2016-07-31,19 21 27 37 42 43,28 34 36 40 41 42,01 04 09 13 31 38,01 08 20 28 32 33,quini-6.com.ar_blogger
2381,2016-08-03,07 10 19 23 27 31,02 13 21 38 39 40,07 16 17 22 39 40,12 24 25 31 36 42,quini-6.com.ar_blogger
2382,2016-08-07,03 05 07 28 34 43,02 21 23 33 35 37,00 08 21 27 32 36,07 13 17 34 41 44,quini-6.com.ar_blogger
2383,2016-08-10,15 24 27 28 40 44,03 04 05 11 22 31,12 14 19 21 31 42,02 04 16 24 37 42,quini-6.com.ar_blogger
2384,2016-08-14,04 05 06 33 44 45,01 04 08 37 42 44,00 15 27 29 40 42,06 15 26 28 39 44,quini-6.com.ar_blogger
2385,2016-08-17,13 18 20 21 32 43,07 09 19 25 39 43,02 07 12 29 31 34,24 27 29 30 35 39,quini-6.com.ar_blogger
2386,2016-08-21,11 20 22 31 32 37,00 09 19 27 29 31,01 08 16 21 31 39,00 09 23 25 28 33,quini-6.com.ar_blogger
2387,2016-08-24,00 02 10 28 36 43,03 14 17 27 29 45,08 09 11 21 22 28,14 15 17 28 32 41,quini-6.com.ar_blogger
2388,2016-08-28,02 04 13 18 28 41,00 11 17 18 34 37,06 09 13 14 41 45,02 12 13 17 28 44,quini-6.com.ar_blogger
2389,2016-08-31,14 20 26 30 35 37,14 25 38 42 43 44,08 10 28 36 42 45,04 13 18 19 37 41,quini-6.com.ar_blogger
2390,2016-09-04,02 03 15 17 41 43,21 25 28 32 35 41,09 18 24 31 35 38,16 19 21 26 30 40,quini-6.com.ar_blogger
2391,2016-09-07,02 03 16 19 30 31,10 14 16 30 31 35,00 02 12 13 38 40,00 04 20 26 30 34,quini-6.com.ar_blogger
2392,2016-09-11,00 08 22 35 36 41,15 16 22 25 34 37,30 34 35 39 40 41,00 01 17 18 23 29,quini-6.com.ar_blogger
2393,2016-09-14,03 04 07 24 34 41,01 02 12 31 35 36,00 06 10 23 40 42,05 10 25 28 30 43,quini-6.com.ar_blogger
2394,2016-09-18,02 20 21 29 34 37,03 11 18 21 23 44,11 12 14 23 32 39,04 23 26 32 44 45,quini-6.com.ar_blogger
2395,2016-09-21,03 17 22 26 32 35,02 20 23 25 34 43,01 11 15 23 30 44,07 17 19 23 30 32,quini-6.com.ar_blogger
2396,2016-09-25,06 10 13 24 35 42,23 27 28 29 33 41,19 27 29 38 41 44,07 08 11 22 27 36,quini-6.com.ar_blogger
2397,2016-09-28,04 13 20 27 28 31,03 08 10 26 27 38,12 14 19 26 30 39,13 17 18 24 30 43,quini-6.com.ar_blogger
2398,2016-10-02,04 08 11 39 40 44,17 19 25 33 34 40,01 16 34 36 37 42,13 29 36 40 44 45,quini-6.com.ar_blogger
2399,2016-10-05,04 12 15 19 31 40,11 13 32 33 40 44,09 17 21 23 28 30,01 06 12 17 22 34,quini-6.com.ar_blogger
2400,2016-10-09,03 07 08 10 31 33,02 18 25 29 33 42,07 11 24 31 38 42,02 15 25 30 43 45,quini-6.com.ar_blogger
2401,2016-10-12,04 08 15 16 23 28,07 11 16 31 35 43,12 14 21 37 39 42,03 13 21 23 31 35,quini-6.com.ar_blogger
2402,2016-10-16,02 16 18 28 29 34,01 18 27 28 30 37,17 18 20 26 30 34,10 16 18 24 37 43,quini-6.com.ar_blogger
2403,2016-10-19,03 20 32 43 44 45,02 03 19 25 28 43,01 02 14 15 33 44,06 08 10 17 31 41,quini-6.com.ar_blogger
2404,2016-10-23,02 04 12 14 17 39,07 11 26 27 38 40,06 08 11 15 36 40,01 03 13 17 25 28,quini-6.com.ar_blogger
2405,2016-10-26,00 04 17 27 41 43,01 19 22 26 34 45,04 07 11 15 17 40,13 14 21 31 38 41,quini-6.com.ar_blogger
2406,2016-10-30,07 11 18 19 33 38,14 18 24 38 39 45,06 17 24 26 35 39,11 16 28 30 33 44,quini-6.com.ar_blogger
2407,2016-11-02,03 07 21 36 38 41,09 22 25 26 37 42,08 16 21 26 28 43,00 22 29 30 33 41,quini-6.com.ar_blogger
2408,2016-11-06,02 09 14 16 25 27,09 16 21 22 38 40,09 11 20 22 38 43,08 09 17 20 22 29,quini-6.com.ar_blogger
2409,2016-11-09,08 21 24 25 36 42,09 16 26 38 43 45,12 13 14 28 37 43,06 14 17 20 21 24,quini-6.com.ar_blogger
2410,2016-11-13,02 09 16 22 26 43,11 13 22 24 27 41,13 21 22 37 44 45,01 02 15 24 29 39,quini-6.com.ar_blogger
2411,2016-11-16,01 03 08 17 22 28,00 02 08 11 13 31,00 23 24 34 36 45,05 16 23 28 30 35,quini-6.com.ar_blogger
2412,2016-11-20,02 03 13 15 18 35,06 15 16 17 28 30,12 20 22 27 40 42,03 05 09 13 24 44,quini-6.com.ar_blogger
2413,2016-11-23,00 14 18 19 25 42,05 10 16 23 43 45,03 16 31 37 42 45,06 12 21 25 39 43,quini-6.com.ar_blogger
2414,2016-11-27,00 18 20 27 32 45,11 18 21 22 27 37,06 15 16 36 42 44,21 28 37 38 39 40,quini-6.com.ar_blogger
2415,2016-11-30,09 19 21 25 26 29,09 15 24 30 31 38,04 08 16 20 23 38,02 04 11 17 22 36,quini-6.com.ar_blogger
2416,2016-12-04,06 31 42 43 44 45,09 20 30 35 37 40,08 15 36 39 43 45,07 14 15 20 41 42,quini-6.com.ar_blogger
2417,2016-12-07,01 04 07 36 42 44,08 18 29 36 42 45,21 22 23 26 29 35,03 14 18 33 34 35,quini-6.com.ar_blogger
2418,2016-12-11,08 13 18 28 33 43,18 26 33 34 37 39,06 12 20 35 36 37,00 06 08 11 24 41,quini-6.com.ar_blogger
2419,2016-12-14,10 27 33 34 41 42,02 08 11 22 42 44,02 25 27 30 32 37,04 05 16 22 25 31,quini-6.com.ar_blogger
2420,2016-12-18,03 15 17 21 26 40,09 14 20 32 35 39,13 17 20 31 35 38,00 01 13 28 34 39,quini-6.com.ar_blogger
2421,2016-12-22,06 09 10 17 27 42,15 18 30 32 36 41,00 09 36 37 40 43,04 08 15 17 19 39,quini-6.com.ar_blogger
2422,2016-12-26,02 11 18 27 38 41,00 08 14 19 32 37,03 12 14 22 27 32,05 31 38 41 42 43,quini-6.com.ar_blogger
2423,2016-12-28,06 21 31 34 40 45,10 22 25 26 27 33,00 16 32 34 39 43,04 14 17 25 27 35,quini-6.com.ar_blogger
2424,2017-01-02,07 11 30 34 43 44,08 18 23 25 29 34,06 18 25 29 43 45,08 10 24 29 35 43,quini-6.com.ar_blogger
2425,2017-01-04,06 10 24 25 30 43,26 32 36 37 40 41,07 16 18 22 24 34,15 16 19 22 27 38,quini-6.com.ar_blogger
2426,2017-01-08,00 02 12 13 27 40,05 08 12 22 24 43,03 05 14 15 19 32,07 10 22 25 29 33,quini-6.com.ar_blogger
2427,2017-01-11,00 02 10 16 20 29,04 10 23 30 38 42,01 12 29 36 38 42,00 01 16 30 36 41,quini-6.com.ar_blogger
2428,2017-01-15,01 15 30 35 38 43,03 10 16 25 31 39,03 05 06 11 22 31,15 19 22 23 24 34,quini-6.com.ar_blogger
2429,2017-01-18,00 11 25 31 35 45,04 05 06 14 30 42,14 22 25 29 37 38,03 10 22 26 29 40,quini-6.com.ar_blogger
2430,2017-01-22,06 08 22 25 29 31,05 06 17 21 25 35,02 07 10 13 18 31,09 12 22 24 40 45,quini-6.com.ar_blogger
2431,2017-01-25,03 04 06 16 21 41,08 15 18 19 20 38,07 19 26 36 42 43,00 14 21 26 42 43,quini-6.com.ar_blogger
2432,2017-01-29,14 16 22 37 40 44,01 11 14 27 33 42,05 15 31 32 42 45,03 14 15 18 40 43,quini-6.com.ar_blogger
2433,2017-02-01,00 07 11 19 24 31,00 06 20 30 31 42,02 20 22 34 35 36,07 12 15 25 28 39,quini-6.com.ar_blogger
2434,2017-02-05,08 11 13 38 42 44,05 18 21 24 37 39,10 25 29 38 39 45,05 07 12 22 32 44,quini-6.com.ar_blogger
2435,2017-02-08,01 23 25 34 40 41,00 01 21 25 26 32,02 24 28 31 35 37,15 16 20 25 27 32,quini-6.com.ar_blogger
2436,2017-02-12,09 10 18 33 38 45,00 02 11 23 28 40,10 12 20 24 36 43,03 10 13 28 39 45,quini-6.com.ar_blogger
2437,2017-02-15,05 15 29 37 38 44,16 18 19 20 26 34,00 22 25 27 30 41,02 18 19 27 31 33,quini-6.com.ar_blogger
2438,2017-02-19,07 14 22 32 40 45,06 12 18 19 40 45,07 11 17 27 36 45,10 15 18 31 42 45,quini-6.com.ar_blogger
2439,2017-02-22,04 25 27 28 31 44,06 11 17 19 28 38,11 19 28 30 37 42,00 19 20 36 42 45,quini-6.com.ar_blogger
2440,2017-02-26,11 20 22 26 38 44,02 08 20 29 41 44,04 07 12 17 30 39,02 13 15 17 24 40,quini-6.com.ar_blogger
2441,2017-03-01,16 18 25 35 40 43,03 04 14 24 31 44,02 04 17 23 24 26,06 09 20 22 23 31,quini-6.com.ar_blogger
2442,2017-03-05,05 08 17 20 23 45,01 02 08 12 17 23,03 14 19 25 28 32,03 08 09 16 19 34,quini-6.com.ar_blogger
2443,2017-03-08,05 20 28 39 40 45,00 15 16 22 24 28,06 12 22 25 26 29,02 09 15 32 38 43,quini-6.com.ar_blogger
2444,2017-03-12,06 13 19 28 35 44,11 16 22 23 30 42,07 08 35 36 41 42,04 06 09 17 22 29,quini-6.com.ar_blogger
2445,2017-03-16,11 18 23 25 27 44,01 19 21 29 34 40,05 16 29 35 40 41,01 05 21 33 39 43,quini-6.com.ar_blogger
2446,2017-03-19,01 04 08 10 16 33,04 23 25 33 34 37,01 09 12 24 33 36,12 16 20 32 33 43,quini-6.com.ar_blogger
2447,2017-03-22,04 11 19 23 30 33,04 06 12 32 33 40,21 25 31 32 34 39,00 11 21 23 25 33,quini-6.com.ar_blogger
2448,2017-03-26,02 06 15 16 32 35,01 03 20 28 30 36,16 17 18 37 38 43,01 08 21 32 42 44,quini-6.com.ar_blogger
2449,2017-03-29,04 11 12 26 27 38,04 09 17 18 19 41,18 19 22 34 39 44,09 19 23 24 27 43,quini-6.com.ar_blogger
2450,2017-04-02,00 02 23 30 32 39,00 05 14 22 23 27,09 11 20 30 36 37,05 10 12 16 38 39,quini-6.com.ar_blogger
2451,2017-04-05,05 10 14 28 35 42,01 05 11 25 30 38,04 21 23 30 36 41,00 01 14 20 31 37,quini-6.com.ar_blogger
2452,2017-04-09,03 07 15 16 27 38,03 06 15 18 29 36,00 05 11 12 30 36,03 04 11 12 26 41,quini-6.com.ar_blogger
2453,2017-04-12,06 07 10 13 22 35,12 16 20 21 33 35,01 16 17 18 22 45,05 19 30 39 40 41,quini-6.com.ar_blogger
2454,2017-04-16,03 11 13 21 33 34,04 06 21 25 33 41,12 26 27 37 42 43,03 19 24 43 44 45,quini-6.com.ar_blogger
2455,2017-04-19,03 11 23 25 28 39,03 24 28 32 35 40,12 17 21 32 41 44,02 09 17 21 35 43,quini-6.com.ar_blogger
2456,2017-04-23,05 06 08 10 37 38,05 07 15 29 34 44,06 10 16 21 24 32,05 30 39 40 41 45,quini-6.com.ar_blogger
2457,2017-04-26,07 15 24 29 30 38,16 20 21 24 38 44,12 15 28 33 34 41,01 13 18 22 36 42,quini-6.com.ar_blogger
2458,2017-04-30,02 04 07 12 17 27,03 06 17 18 35 42,01 03 11 13 14 18,14 19 31 32 36 42,quini-6.com.ar_blogger
2459,2017-05-03,02 13 33 37 38 43,13 20 22 23 31 33,06 09 14 22 40 42,10 25 29 41 44 45,quini-6.com.ar_blogger
2460,2017-05-07,02 07 11 15 26 41,03 08 24 25 34 41,02 12 17 24 39 41,03 31 33 34 40 43,quini-6.com.ar_blogger
2461,2017-05-10,00 02 10 12 19 20,00 01 16 18 20 24,00 11 26 33 37 43,04 13 22 23 29 45,quini-6.com.ar_blogger
2462,2017-05-14,13 17 25 27 28 32,00 05 28 34 41 45,04 13 15 17 18 25,09 11 15 26 44 45,quini-6.com.ar_blogger
2463,2017-05-17,14 18 24 30 32 36,11 12 33 34 40 44,02 08 23 29 38 40,02 10 30 32 40 41,quini-6.com.ar_blogger
2464,2017-05-21,20 21 24 33 36 42,15 20 34 38 41 44,07 12 21 23 26 28,07 08 11 30 35 38,quini-6.com.ar_blogger
2465,2017-05-24,20 22 25 27 28 32,02 08 23 24 29 37,05 24 29 34 40 42,11 22 28 33 41 44,quini-6.com.ar_blogger
2466,2017-05-28,10 15 19 24 31 36,22 23 24 30 43 45,02 12 25 26 33 43,01 21 27 34 40 42,quini-6.com.ar_blogger
2467,2017-05-31,00 01 15 35 37 41,01 21 26 30 33 39,07 13 17 18 37 45,09 17 31 33 35 41,quini-6.com.ar_blogger
2468,2017-06-04,15 17 38 41 42 44,06 10 16 17 20 27,02 07 15 22 35 44,05 07 09 10 14 36,quini-6.com.ar_blogger
2469,2017-06-07,11 16 18 20 24 44,02 18 22 23 24 25,03 06 13 22 24 36,00 12 15 35 38 45,quini-6.com.ar_blogger
2470,2017-06-11,06 10 14 37 38 40,07 10 16 32 38 42,09 13 21 43 44 45,02 10 11 21 29 32,quini-6.com.ar_blogger
2471,2017-06-14,04 10 19 20 38 41,03 10 11 15 27 30,06 17 26 28 37 38,01 02 22 29 33 45,quini-6.com.ar_blogger
2472,2017-06-18,03 05 17 23 31 39,03 06 10 22 30 41,01 07 08 11 17 32,00 07 10 26 27 36,quini-6.com.ar_blogger
2473,2017-06-21,01 02 04 05 10 28,08 17 22 28 41 44,02 11 16 25 40 42,16 17 18 30 39 43,quini-6.com.ar_blogger
2474,2017-06-25,00 02 14 26 29 44,06 16 24 36 39 41,05 08 30 40 43 45,11 16 20 28 35 44,quini-6.com.ar_blogger
2475,2017-06-28,17 19 22 28 30 35,04 13 17 19 22 43,13 15 23 24 33 35,00 07 14 19 25 43,quini-6.com.ar_blogger
2476,2017-07-02,05 11 17 18 19 30,06 11 24 27 35 36,01 02 15 26 28 41,09 10 16 24 37 44,quini-6.com.ar_blogger
2477,2017-07-05,06 08 10 23 28 39,03 09 14 31 34 39,07 32 34 39 40 42,08 22 24 27 28 36,quini-6.com.ar_blogger
2478,2017-07-09,00 07 08 10 26 40,24 29 30 32 34 35,14 15 16 23 32 42,01 02 08 09 16 22,quini-6.com.ar_blogger
2479,2017-07-12,14 16 17 21 31 39,08 27 32 33 35 40,10 20 24 25 42 44,02 20 23 33 34 37,quini-6.com.ar_blogger
2480,2017-07-16,04 09 14 22 31 45,05 09 25 28 31 37,09 16 20 33 34 39,01 02 13 19 20 31,quini-6.com.ar_blogger
2481,2017-07-19,22 27 36 38 39 40,00 03 21 22 23 34,01 06 15 24 40 44,07 24 26 39 43 45,quini-6.com.ar_blogger
2482,2017-07-23,02 07 14 22 25 42,05 15 19 32 36 45,03 07 08 18 23 44,06 09 10 13 25 27,quini-6.com.ar_blogger
2483,2017-07-26,04 08 12 17 31 34,04 07 08 16 40 41,04 22 23 33 34 42,00 13 19 23 27 39,quini-6.com.ar_blogger
2484,2017-07-30,08 19 30 31 35 45,07 14 23 24 38 41,00 02 29 31 34 42,00 01 14 18 24 37,quini-6.com.ar_blogger
2485,2017-08-02,07 08 24 32 36 41,13 19 31 33 41 42,00 18 20 32 34 35,02 05 09 11 13 24,quini-6.com.ar_blogger
2486,2017-08-06,03 06 14 25 38 43,01 02 11 14 25 30,01 03 13 15 26 42,03 18 23 40 42 44,quini-6.com.ar_blogger
2487,2017-08-09,13 19 22 30 32 42,04 07 09 12 21 35,09 25 26 27 36 41,16 20 35 36 40 41,quini-6.com.ar_blogger
2488,2017-08-13,00 15 19 22 28 33,08 11 21 35 39 40,18 23 25 32 44 45,00 14 20 22 30 44,quini-6.com.ar_blogger
2489,2017-08-16,01 20 23 28 30 40,04 18 21 31 39 44,00 05 14 21 39 45,03 08 18 33 36 43,quini-6.com.ar_blogger
2490,2017-08-20,04 13 25 26 27 28,12 16 17 20 44 45,06 07 18 21 27 39,13 18 19 26 36 42,quini-6.com.ar_blogger
2491,2017-08-23,06 20 23 27 34 44,03 28 33 41 42 45,16 17 22 27 35 38,02 20 31 34 39 43,quini-6.com.ar_blogger
2492,2017-08-27,00 01 03 16 21 39,10 11 24 28 44 45,06 15 23 36 37 45,01 03 06 13 16 43,quini-6.com.ar_blogger
2493,2017-08-30,01 02 06 09 24 25,04 06 32 37 38 43,02 21 22 30 35 40,04 10 16 26 27 32,quini-6.com.ar_blogger
2494,2017-09-03,03 14 22 26 29 38,12 17 19 33 42 44,00 03 11 28 32 41,01 03 08 11 32 39,quini-6.com.ar_blogger
2495,2017-09-06,01 16 26 30 38 43,07 12 15 23 39 40,00 14 15 23 24 32,10 11 14 22 25 36,quini-6.com.ar_blogger
2496,2017-09-10,04 09 20 26 33 39,02 07 08 12 13 43,05 12 19 22 35 37,06 13 16 21 34 45,quini-6.com.ar_blogger
2497,2017-09-13,00 17 23 32 37 44,02 17 23 30 43 44,08 13 31 34 38 44,14 26 33 36 39 44,quini-6.com.ar_blogger
2498,2017-09-17,01 08 11 15 21 36,03 15 22 27 38 43,02 06 16 23 27 44,08 10 11 15 22 28,quini-6.com.ar_blogger
2499,2017-09-20,13 16 22 30 37 42,01 21 22 36 39 41,03 07 14 20 23 32,09 17 27 31 41 42,quini-6.com.ar_blogger
2500,2017-09-24,05 10 13 25 27 31,13 18 36 37 41 45,01 08 19 27 35 42,08 20 23 25 29 42,quini-6.com.ar_blogger
2501,2017-09-27,06 13 14 19 21 22,02 26 36 37 42 43,04 06 09 19 26 28,02 11 15 18 20 32,quini-6.com.ar_blogger
2502,2017-10-01,11 26 32 34 36 43,03 10 19 29 33 43,00 01 03 14 39 45,00 10 12 21 23 34,quini-6.com.ar_blogger
2503,2017-10-04,02 04 20 30 38 43,03 14 16 30 33 35,06 09 26 29 35 44,02 03 21 27 39 45,quini-6.com.ar_blogger
2504,2017-10-08,20 26 34 37 41 44,05 23 25 28 41 45,02 03 17 20 26 36,07 11 14 17 33 43,quini-6.com.ar_blogger
2505,2017-10-11,20 31 33 37 39 41,01 05 06 15 34 35,07 10 24 27 33 44,02 05 09 20 22 40,quini-6.com.ar_blogger
2506,2017-10-15,02 15 18 20 21 28,02 04 10 11 31 43,00 04 13 18 23 45,08 22 25 34 37 42,quini-6.com.ar_blogger
2507,2017-10-18,01 05 14 17 28 33,00 01 08 23 28 34,20 23 27 33 35 42,18 20 26 28 32 41,quini-6.com.ar_blogger
2508,2017-10-22,07 14 16 25 33 39,00 05 23 27 35 44,11 13 16 17 28 44,02 06 21 22 32 43,quini-6.com.ar_blogger
2509,2017-10-25,04 12 21 27 30 36,04 13 23 25 30 45,08 19 25 28 31 33,04 06 07 21 36 37,quini-6.com.ar_blogger
2510,2017-10-29,00 05 09 13 23 42,06 27 28 37 41 42,13 28 30 33 37 45,02 14 22 33 34 45,quini-6.com.ar_blogger
2511,2017-11-01,05 12 14 20 28 45,00 15 19 23 34 36,10 13 21 24 29 31,15 30 32 33 34 43,quini-6.com.ar_blogger
2512,2017-11-05,21 26 27 29 32 33,15 18 21 26 30 36,02 03 09 26 40 44,01 06 10 17 27 45,quini-6.com.ar_blogger
2513,2017-11-08,00 01 08 28 44 45,19 20 22 28 37 40,10 11 28 29 36 45,03 08 15 17 24 28,quini-6.com.ar_blogger
2514,2017-11-12,02 08 16 22 31 32,08 22 30 31 37 42,20 25 32 39 42 44,00 02 09 26 33 34,quini-6.com.ar_blogger
2515,2017-11-15,02 06 28 32 40 43,00 07 22 28 42 45,02 07 12 28 31 32,13 19 23 39 43 44,quini-6.com.ar_blogger
2516,2017-11-19,02 17 33 34 35 43,02 11 21 26 31 37,00 01 07 20 22 31,09 14 16 26 42 44,quini-6.com.ar_blogger
2517,2017-11-22,00 14 24 28 29 41,05 18 35 38 40 41,05 07 15 22 32 42,13 27 29 31 33 35,quini-6.com.ar_blogger
2518,2017-11-26,05 06 16 31 35 36,10 13 16 19 34 45,07 17 20 35 41 43,17 21 27 32 33 45,quini-6.com.ar_blogger
2519,2017-11-29,05 06 18 26 28 34,05 06 24 32 35 44,06 21 23 28 37 45,08 13 15 24 35 44,quini-6.com.ar_blogger
2520,2017-12-03,00 07 09 18 23 42,00 04 27 35 36 43,00 03 14 30 33 41,23 28 30 33 43 44,quini-6.com.ar_blogger
2521,2017-12-06,01 03 05 06 09 16,10 17 20 40 41 44,14 16 17 24 43 45,05 09 10 38 40 43,quini-6.com.ar_blogger
2522,2017-12-10,06 07 15 22 25 30,03 10 22 25 39 42,09 19 20 22 39 42,04 09 11 14 29 33,quini-6.com.ar_blogger
2523,2017-12-13,10 11 21 24 31 41,04 06 10 15 22 38,12 16 28 30 32 34,07 19 32 40 42 43,quini-6.com.ar_blogger
2524,2017-12-17,16 38 39 40 41 45,11 13 28 30 39 43,04 10 22 28 31 43,01 08 10 11 16 34,quini-6.com.ar_blogger
2525,2017-12-20,11 12 16 20 21 37,13 15 20 25 44 45,04 05 11 22 25 40,00 06 09 13 22 42,quini-6.com.ar_blogger
2526,2017-12-23,00 01 23 31 37 39,13 16 26 27 34 43,05 09 13 32 38 43,00 09 22 35 40 44,quini-6.com.ar_blogger
2527,2017-12-27,16 22 27 28 31 33,01 16 34 42 43 44,05 09 19 20 23 38,14 19 20 33 35 39,quini-6.com.ar_blogger
2528,2017-12-30,07 15 21 36 38 40,02 10 13 18 20 33,01 04 13 16 20 22,03 04 17 21 24 35,quini-6.com.ar_blogger
2529,2018-01-03,02 05 07 08 19 42,06 07 32 33 38 42,00 05 06 26 37 38,09 27 30 32 33 34,quini-6.com.ar_blogger
2530,2018-01-07,00 07 10 19 31 40,07 17 29 31 38 43,15 23 25 32 41 45,06 10 13 29 33 44,quini-6.com.ar_blogger
2531,2018-01-10,04 06 20 24 27 42,01 15 20 28 38 41,00 02 16 19 40 44,09 21 24 28 41 43,quini-6.com.ar_blogger
2532,2018-01-14,10 17 19 22 32 37,09 23 29 35 37 42,00 14 15 20 22 45,11 13 20 27 38 43,quini-6.com.ar_blogger
2533,2018-01-17,03 06 07 33 39 43,08 17 18 26 41 42,00 01 17 18 35 43,19 20 23 25 30 45,quini-6.com.ar_blogger
2534,2018-01-21,17 18 21 26 38 43,00 23 27 32 35 42,17 19 23 33 34 39,05 12 21 25 26 28,quini-6.com.ar_blogger
2535,2018-01-24,00 05 20 22 33 41,03 15 28 30 34 35,04 09 15 20 31 44,01 05 07 29 41 42,quini-6.com.ar_blogger
2536,2018-01-28,12 21 23 37 44 45,07 15 25 32 36 38,02 14 15 27 32 37,10 11 15 21 25 41,quini-6.com.ar_blogger
2537,2018-01-31,01 04 23 24 31 32,00 01 09 14 15 34,02 06 09 15 23 42,14 21 23 25 31 32,quini-6.com.ar_blogger
2538,2018-02-04,01 15 20 39 41 45,01 12 15 34 39 41,03 22 31 32 34 39,11 13 22 25 34 45,quini-6.com.ar_blogger
2539,2018-02-07,04 06 09 19 32 40,03 08 20 28 34 38,10 20 23 25 26 45,05 10 27 31 35 45,quini-6.com.ar_blogger
2540,2018-02-11,02 09 11 16 21 43,05 10 17 22 33 37,01 03 09 26 34 35,08 12 13 14 28 30,quini-6.com.ar_blogger
2541,2018-02-14,02 08 25 32 40 45,02 06 07 10 16 39,00 17 25 30 39 41,01 15 19 26 28 44,quini-6.com.ar_blogger
2542,2018-02-18,12 19 28 31 40 45,02 05 23 25 31 44,03 12 16 23 28 34,02 14 26 27 32 40,quini-6.com.ar_blogger
2543,2018-02-21,18 24 26 33 35 38,19 25 29 32 34 37,00 07 11 21 36 42,17 30 31 36 37 44,quini-6.com.ar_blogger
2544,2018-02-25,03 11 15 22 31 38,09 27 36 38 42 44,01 02 15 26 29 31,04 13 22 23 26 32,quini-6.com.ar_blogger
2545,2018-02-28,03 08 14 21 26 31,03 18 27 31 32 41,06 16 21 23 30 44,05 20 26 37 40 41,quini-6.com.ar_blogger
2546,2018-03-04,04 09 21 26 36 43,06 09 14 15 16 29,05 11 28 30 34 44,05 13 23 24 28 34,quini-6.com.ar_blogger
2547,2018-03-07,04 17 21 23 40 42,04 08 21 32 34 37,05 28 31 34 37 38,04 06 19 24 26 42,quini-6.com.ar_blogger
2548,2018-03-11,06 21 22 24 29 38,03 21 27 34 35 43,11 28 34 37 42 45,07 10 21 24 33 34,quini-6.com.ar_blogger
2549,2018-03-15,06 07 20 25 38 42,04 05 31 32 38 43,05 11 14 17 30 32,02 09 22 23 42 45,quini-6.com.ar_blogger
2550,2018-03-18,11 19 25 26 30 44,01 04 10 12 32 37,26 27 29 30 34 43,00 04 14 19 27 42,quini-6.com.ar_blogger
2551,2018-03-21,08 09 15 29 31 33,04 16 17 32 37 41,04 15 17 32 36 42,04 10 13 14 28 35,quini-6.com.ar_blogger
2552,2018-03-25,05 07 10 12 32 35,03 16 17 26 36 40,05 10 15 30 31 33,07 10 17 25 26 41,quini-6.com.ar_blogger
2553,2018-03-28,00 16 21 36 37 44,00 01 02 20 28 39,00 03 15 20 27 42,04 09 16 22 26 35,quini-6.com.ar_blogger
2554,2018-04-01,14 17 30 31 43 44,16 18 22 23 28 30,01 08 13 19 28 39,01 17 29 33 37 41,quini-6.com.ar_blogger
2555,2018-04-04,04 17 18 19 28 36,00 12 14 33 36 45,10 11 31 34 35 37,08 12 28 29 34 38,quini-6.com.ar_blogger
2556,2018-04-08,14 20 32 36 38 39,18 23 26 35 41 43,06 13 18 29 36 45,17 25 26 28 30 44,quini-6.com.ar_blogger
2557,2018-04-11,00 01 06 11 13 26,04 07 10 12 15 21,09 12 15 29 33 41,07 13 16 18 24 32,quini-6.com.ar_blogger
2558,2018-04-15,10 19 26 30 35 44,12 14 15 25 28 44,04 10 15 20 34 38,09 18 20 32 34 40,quini-6.com.ar_blogger
2559,2018-04-18,06 14 20 37 39 40,03 06 10 19 37 40,06 25 31 33 34 36,08 15 24 32 34 39,quini-6.com.ar_blogger
2560,2018-04-22,15 21 36 39 41 44,07 14 24 27 28 33,01 16 24 26 29 45,09 10 14 24 32 43,quini-6.com.ar_blogger
2561,2018-04-25,04 23 33 36 40 42,05 06 07 13 37 39,08 10 15 18 25 29,01 08 11 14 18 29,quini-6.com.ar_blogger
2562,2018-04-29,05 16 19 23 28 34,02 13 14 21 34 35,13 20 26 27 39 40,02 10 16 26 27 30,quini-6.com.ar_blogger
2563,2018-05-02,04 10 13 27 37 45,22 34 37 40 43 45,03 05 13 14 20 33,13 14 23 35 39 45,quini-6.com.ar_blogger
2564,2018-05-06,08 12 18 27 28 34,26 36 38 39 41 44,07 15 28 29 35 43,09 15 21 36 37 45,quini-6.com.ar_blogger
2565,2018-05-09,04 12 14 28 42 44,06 08 14 28 30 31,08 12 18 20 23 36,01 05 27 29 35 45,quini-6.com.ar_blogger
2566,2018-05-13,05 21 27 32 43 45,01 07 08 13 36 42,20 24 32 33 37 42,00 15 21 23 37 43,quini-6.com.ar_blogger
2567,2018-05-16,02 10 17 22 39 44,26 27 28 29 35 36,17 25 27 36 40 44,06 07 17 27 28 41,quini-6.com.ar_blogger
2568,2018-05-20,14 24 29 33 37 41,05 19 20 36 39 45,02 06 10 12 20 31,20 22 24 26 30 41,quini-6.com.ar_blogger
2569,2018-05-23,06 08 16 21 30 45,03 09 12 30 37 41,11 13 14 17 26 28,14 20 25 35 36 41,quini-6.com.ar_blogger
2756,2020-03-08,06 07 09 18 29 36,00 06 20 29 33 37,05 13 27 29 33 43,02 03 08 11 17 31,quini-6.com.ar_blogger
2757,2020-03-11,17 24 28 37 42 44,04 23 32 35 40 43,08 23 27 34 41 43,01 08 17 21 24 37,quini-6.com.ar_blogger
2758,2020-03-15,01 02 04 11 21 28,05 13 14 20 23 32,02 10 25 35 44 45,04 10 19 26 35 37,quini-6.com.ar_blogger
2759,2020-03-18,02 04 20 29 32 40,08 17 19 27 36 45,09 11 25 30 35 43,05 07 10 33 34 41,quini-6.com.ar_blogger
2760,2020-06-07,01 09 20 23 40 42,00 03 20 28 33 45,09 11 16 29 31 36,02 03 17 38 40 43,quini-6.com.ar_blogger
2761,2020-06-10,00 16 23 33 39 42,02 19 25 28 30 34,15 18 34 39 40 43,01 02 10 27 43 44,quini-6.com.ar_blogger
2762,2020-06-14,10 12 22 30 36 39,13 15 17 23 30 42,03 10 26 34 35 39,06 12 21 27 37 43,quini-6.com.ar_blogger
2763,2020-06-17,05 11 23 40 41 45,19 21 31 36 39 40,08 09 22 23 31 45,04 15 23 25 27 45,quini-6.com.ar_blogger
2764,2020-06-21,07 12 13 19 31 38,10 13 17 28 36 45,08 11 16 22 36 40,10 16 17 19 24 29,quini-6.com.ar_blogger
2765,2020-06-24,14 18 19 35 37 39,18 23 27 29 30 33,19 23 29 37 39 42,13 14 15 27 34 44,quini-6.com.ar_blogger
2766,2020-06-28,18 19 20 24 30 31,07 17 20 21 38 44,19 20 26 30 31 39,01 04 09 13 27 45,quini-6.com.ar_blogger
2767,2020-07-01,07 08 27 39 44 45,01 15 25 30 31 43,02 12 21 24 27 33,03 07 11 12 32 44,quini-6.com.ar_blogger
2768,2020-07-05,11 12 14 21 23 25,05 16 19 23 33 42,09 19 28 33 42 44,10 24 26 28 29 37,quini-6.com.ar_blogger
2769,2020-07-08,01 06 10 14 38 42,12 19 22 26 29 31,02 12 35 39 41 44,08 28 31 33 34 39,quini-6.com.ar_blogger
2770,2020-07-12,01 06 14 29 42 43,01 06 10 15 31 38,10 14 33 39 43 45,05 09 16 19 23 25,quini-6.com.ar_blogger
2771,2020-07-15,10 16 17 21 28 41,00 14 15 16 30 36,10 14 22 25 43 45,02 04 08 18 39 45,quini-6.com.ar_blogger
2772,2020-07-19,04 09 12 19 25 45,10 22 31 32 34 41,15 20 33 36 37 44,09 16 18 22 36 38,quini-6.com.ar_blogger
2773,2020-07-22,01 12 28 33 40 43,00 12 16 18 19 43,03 04 12 24 34 42,05 11 14 15 20 35,quini-6.com.ar_blogger
2774,2020-07-26,03 09 23 24 26 34,12 13 16 30 37 43,09 17 21 22 35 41,16 18 29 30 35 43,quini-6.com.ar_blogger
2775,2020-07-29,10 12 19 23 28 37,00 20 23 25 30 39,06 20 31 34 42 43,00 09 18 27 28 41,quini-6.com.ar_blogger
2776,2020-08-02,04 12 14 20 27 44,05 13 20 31 33 42,04 23 27 32 39 43,11 14 16 29 32 37,quini-6.com.ar_blogger
2777,2020-08-05,19 22 23 24 33 34,03 11 17 20 34 43,04 09 24 25 31 44,00 10 16 17 24 33,quini-6.com.ar_blogger
2778,2020-08-09,14 16 31 32 39 40,02 22 27 28 44 45,01 02 14 21 30 41,13 16 26 37 42 43,quini-6.com.ar_blogger
2779,2020-08-12,06 26 32 37 38 43,23 29 37 38 39 42,01 04 06 19 28 39,04 14 30 36 44 45,quini-6.com.ar_blogger
2780,2020-08-16,05 22 26 33 35 42,09 13 15 26 34 35,07 23 24 26 28 30,02 03 04 06 21 37,quini-6.com.ar_blogger
2781,2020-08-19,03 09 16 26 34 38,08 14 15 19 36 41,12 17 18 31 39 44,00 04 16 26 31 32,quini-6.com.ar_blogger
2782,2020-08-23,02 07 18 27 34 41,00 02 09 21 26 34,00 06 11 12 22 29,05 14 18 21 34 41,quini-6.com.ar_blogger
2783,2020-08-26,09 12 20 25 33 37,08 09 29 35 39 41,01 10 16 19 37 43,17 19 21 25 32 34,quini-6.com.ar_blogger
2784,2020-08-30,02 20 21 25 34 38,04 15 26 30 33 38,05 10 18 20 21 24,11 21 23 33 35 45,quini-6.com.ar_blogger
2785,2020-09-02,12 17 18 20 24 28,00 07 15 29 41 43,00 14 15 31 43 45,10 19 30 33 39 40,quini-6.com.ar_blogger
2786,2020-09-06,01 14 29 30 40 44,04 13 28 38 43 44,05 19 20 23 43 44,10 11 12 32 37 43,quini-6.com.ar_blogger
2787,2020-09-09,02 06 10 19 30 42,02 08 17 23 25 34,05 09 14 15 23 24,16 25 32 33 35 44,quini-6.com.ar_blogger
2788,2020-09-13,10 11 12 14 17 44,01 04 09 19 35 38,06 12 14 27 32 34,08 17 18 22 27 45,quini-6.com.ar_blogger
2789,2020-09-16,00 02 05 09 14 24,14 16 17 21 31 35,01 11 20 26 31 41,07 08 14 20 22 44,quini-6.com.ar_blogger
2790,2020-09-20,02 03 22 28 36 38,08 09 17 31 33 42,07 10 13 16 19 28,09 11 14 26 37 38,quini-6.com.ar_blogger
2791,2020-09-23,00 05 09 12 32 41,17 18 19 36 38 42,03 09 16 17 20 27,01 08 17 35 40 44,quini-6.com.ar_blogger
2792,2020-09-27,03 04 09 22 36 38,00 10 16 31 34 40,00 05 12 18 19 40,03 04 22 25 26 35,quini-6.com.ar_blogger
2793,2020-09-30,04 11 13 27 31 43,22 27 33 34 36 43,05 08 10 29 35 36,03 06 14 26 29 38,quini-6.com.ar_blogger
2794,2020-10-04,13 23 27 28 31 43,16 22 26 34 39 45,05 18 21 22 32 37,12 19 20 37 39 40,quini-6.com.ar_blogger
2795,2020-10-07,06 07 10 14 39 45,00 02 18 21 33 43,00 09 12 20 23 25,01 23 25 28 33 34,quini-6.com.ar_blogger
2796,2020-10-11,00 08 13 14 25 34,08 09 11 17 18 37,02 05 10 23 25 34,10 11 12 15 23 42,quini-6.com.ar_blogger
2797,2020-10-14,07 10 12 14 23 43,34 35 37 39 41 42,09 13 29 31 39 43,04 15 26 27 33 34,quini-6.com.ar_blogger
2798,2020-10-18,08 19 23 28 32 33,10 12 15 23 31 41,10 19 20 27 40 44,01 07 19 20 23 43,quini-6.com.ar_blogger
2799,2020-10-21,03 16 23 28 33 44,03 04 11 24 35 38,04 18 31 33 37 40,10 20 37 40 44 45,quini-6.com.ar_blogger
2800,2020-10-25,11 18 32 33 36 39,16 19 34 40 41 44,01 10 24 28 29 43,04 10 11 14 21 40,quini-6.com.ar_blogger
2801,2020-10-28,01 03 10 16 33 40,03 04 10 28 35 36,06 16 18 32 41 42,07 14 15 19 20 22,quini-6.com.ar_blogger
2802,2020-11-01,09 15 19 25 29 35,12 15 31 32 38 42,02 04 18 22 24 38,02 12 14 35 37 39,quini-6.com.ar_blogger
2803,2020-11-04,07 12 28 31 33 39,04 06 11 12 20 32,17 26 28 33 38 45,00 01 03 07 16 35,quini-6.com.ar_blogger
2804,2020-11-08,09 12 26 27 36 37,16 20 24 27 38 40,11 18 19 25 27 28,01 09 15 30 32 43,quini-6.com.ar_blogger
2805,2020-11-11,08 13 16 21 36 42,02 03 06 08 23 30,24 26 28 32 33 36,00 03 09 11 12 15,quini-6.com.ar_blogger
2806,2020-11-15,05 06 09 22 27 38,11 19 21 24 25 41,03 09 23 36 41 45,02 04 07 14 32 39,quini-6.com.ar_blogger
2807,2020-11-18,18 22 27 34 35 38,09 20 30 31 35 39,04 07 12 19 24 45,12 13 14 18 19 21,quini-6.com.ar_blogger
2808,2020-11-22,03 17 18 20 27 28,08 13 19 25 29 45,05 07 15 37 42 43,04 11 13 21 39 44,quini-6.com.ar_blogger
2809,2020-11-25,08 10 19 23 31 45,07 10 13 38 41 43,18 19 21 22 24 37,09 21 32 36 40 42,quini-6.com.ar_blogger
2810,2020-11-29,05 12 16 25 33 39,09 17 19 34 36 45,02 04 05 07 19 25,07 08 21 25 30 33,quini-6.com.ar_blogger
2811,2020-12-02,10 14 15 27 40 41,10 16 17 24 37 40,01 18 29 31 32 34,00 09 18 23 30 42,quini-6.com.ar_blogger
2812,2020-12-06,05 17 19 31 38 45,03 05 24 33 34 41,09 11 16 32 33 39,02 03 19 25 29 35,quini-6.com.ar_blogger
2813,2020-12-09,06 15 20 27 37 42,06 14 18 28 33 43,06 25 30 38 41 44,13 22 26 37 40 45,quini-6.com.ar_blogger
2814,2020-12-13,04 17 22 30 31 41,22 27 33 39 40 42,06 09 14 15 19 30,02 14 15 24 26 45,quini-6.com.ar_blogger
2815,2020-12-16,04 05 13 23 33 43,08 09 11 19 35 37,04 23 27 29 35 42,06 08 16 23 27 38,quini-6.com.ar_blogger
2816,2020-12-20,09 10 27 29 30 41,01 06 07 25 35 42,07 15 28 32 40 45,03 04 06 10 17 42,quini-6.com.ar_blogger
2818,2020-12-27,03 22 23 24 29 33,04 12 19 24 27 43,02 07 10 21 31 34,00 01 08 26 32 40,quini-6.com.ar_blogger
2819,2020-12-30,08 09 19 20 22 30,00 02 32 35 38 40,12 17 23 26 37 38,12 16 23 27 32 33,quini-6.com.ar_blogger
2820,2021-01-03,10 15 25 30 32 34,01 15 19 32 33 35,11 12 15 23 37 45,00 06 09 27 29 36,quini-6.com.ar_blogger
2821,2021-01-06,04 08 13 21 37 38,00 02 20 25 34 41,08 27 28 31 35 40,03 13 23 24 42 44,quini-6.com.ar_blogger
2822,2021-01-10,02 04 14 25 34 44,17 28 30 32 43 44,03 06 13 18 21 44,00 12 18 22 26 27,quini-6.com.ar_blogger
2823,2021-01-13,02 08 13 21 34 43,00 02 13 15 33 44,02 11 25 34 37 44,13 17 25 28 30 38,quini-6.com.ar_blogger
2824,2021-01-17,05 14 31 33 35 43,12 20 22 31 33 45,07 08 13 15 30 41,07 11 16 33 36 40,quini-6.com.ar_blogger
2825,2021-01-20,04 12 28 29 32 45,02 06 10 19 37 39,07 12 18 23 31 32,04 20 22 32 36 44,quini-6.com.ar_blogger
2826,2021-01-24,10 17 21 32 38 43,00 12 29 33 38 39,03 16 25 27 31 37,09 19 23 27 32 35,quini-6.com.ar_blogger
2827,2021-01-27,10 15 31 41 44 45,07 21 35 38 41 42,02 21 25 30 36 41,03 29 31 39 40 41,quini-6.com.ar_blogger
2828,2021-01-31,02 15 18 22 38 43,00 10 11 13 21 40,16 19 25 37 40 42,03 07 15 21 35 40,quini-6.com.ar_blogger
2829,2021-02-03,01 04 10 21 24 32,13 14 21 24 27 30,02 11 18 29 36 44,05 07 10 26 39 40,quini-6.com.ar_blogger
2830,2021-02-07,00 10 16 21 23 41,02 03 12 19 20 37,15 17 19 22 25 35,02 13 20 21 22 43,quini-6.com.ar_blogger
2831,2021-02-10,00 03 16 31 34 42,13 15 19 34 36 38,14 19 28 36 40 42,17 18 22 28 33 34,quini-6.com.ar_blogger
2832,2021-02-14,02 07 22 28 34 43,02 10 11 19 22 42,00 03 20 31 34 37,02 17 21 22 30 45,quini-6.com.ar_blogger
2833,2021-02-17,02 07 13 17 23 44,04 06 19 20 44 45,02 09 11 15 33 34,00 17 22 23 35 39,quini-6.com.ar_blogger
2834,2021-02-21,01 05 18 20 22 42,12 21 23 28 37 44,05 07 12 26 37 40,06 10 11 18 19 45,quini-6.com.ar_blogger
2835,2021-02-24,00 06 14 19 34 42,04 10 18 24 34 45,23 24 31 32 37 38,04 10 18 29 40 41,quini-6.com.ar_blogger
2836,2021-02-28,05 08 09 21 24 45,04 07 18 21 26 42,07 09 19 25 28 30,16 21 22 30 31 44,quini-6.com.ar_blogger
2837,2021-03-03,12 15 25 31 33 34,04 13 29 34 41 43,06 15 26 31 35 39,04 09 18 25 37 43,quini-6.com.ar_blogger
2838,2021-03-07,09 10 14 30 42 44,09 11 16 18 32 45,17 19 31 42 44 45,07 14 21 26 34 38,quini-6.com.ar_blogger
2839,2021-03-10,01 04 16 17 27 38,30 33 34 36 37 44,02 13 17 24 29 45,03 21 23 29 39 45,quini-6.com.ar_blogger
2840,2021-03-14,04 14 19 27 32 45,03 04 15 16 30 39,04 05 06 31 38 43,11 19 30 31 32 45,quini-6.com.ar_blogger
2841,2021-03-17,01 04 07 12 13 22,03 11 36 37 41 42,00 01 03 08 34 36,08 10 14 24 25 31,quini-6.com.ar_blogger
2842,2021-03-21,05 20 26 28 29 34,08 09 11 13 24 29,06 18 20 26 31 44,04 16 20 23 26 31,quini-6.com.ar_blogger
2843,2021-03-24,06 08 12 17 22 36,06 22 25 27 31 40,10 11 16 22 30 41,17 24 28 32 36 39,quini-6.com.ar_blogger
2844,2021-03-28,07 14 15 17 39 40,17 20 24 36 39 45,00 01 02 19 23 34,00 02 16 22 37 43,quini-6.com.ar_blogger
2845,2021-03-31,18 23 26 30 34 37,09 10 27 28 36 44,02 17 20 25 33 42,09 25 35 39 42 45,quini-6.com.ar_blogger
2846,2021-04-04,00 01 30 32 36 41,04 09 10 17 28 39,00 05 06 18 21 36,05 08 18 30 36 40,quini-6.com.ar_blogger
2847,2021-04-07,09 12 18 25 32 34,00 24 30 35 41 43,00 06 15 18 26 38,11 14 17 25 28 31,quini-6.com.ar_blogger
2848,2021-04-11,04 08 09 26 43 44,03 04 08 22 29 35,00 02 04 14 40 42,04 15 17 21 26 32,quini-6.com.ar_blogger
2849,2021-04-14,05 20 28 31 39 41,07 16 33 40 41 44,01 10 15 24 34 37,08 10 12 16 27 36,quini-6.com.ar_blogger
2850,2021-04-18,13 18 19 25 42 44,00 03 10 21 23 29,13 15 17 29 32 37,00 06 11 25 28 41,quini-6.com.ar_blogger
2851,2021-04-21,01 08 14 40 43 45,17 19 28 29 30 39,14 19 21 22 39 40,03 09 17 21 28 44,quini-6.com.ar_blogger
2852,2021-04-25,17 19 23 32 43 45,00 09 11 13 19 40,03 05 14 18 22 44,09 13 16 30 34 35,quini-6.com.ar_blogger
2853,2021-04-28,04 15 16 31 44 45,06 09 10 12 19 45,01 05 13 18 27 44,10 28 33 35 37 38,quini-6.com.ar_blogger
2854,2021-05-02,02 03 25 41 43 45,13 14 22 25 26 43,04 16 30 35 42 45,01 17 31 38 40 43,quini-6.com.ar_blogger
2855,2021-05-05,11 13 17 21 30 33,07 13 17 37 39 45,06 07 17 21 24 25,11 16 20 31 36 44,quini-6.com.ar_blogger
2856,2021-05-09,06 09 15 32 36 39,01 05 07 31 41 42,10 19 21 32 35 37,08 18 20 26 29 33,quini-6.com.ar_blogger
2857,2021-05-12,04 09 13 21 22 43,16 19 23 36 40 45,17 18 21 29 31 41,02 10 17 18 30 37,quini-6.com.ar_blogger
2858,2021-05-16,01 12 22 24 32 37,02 04 12 20 31 43,00 11 13 17 18 35,22 23 25 28 32 43,quini-6.com.ar_blogger
2859,2021-05-20,00 03 18 19 20 23,12 21 26 27 35 42,14 24 31 32 37 42,02 06 26 28 41 43,quini-6.com.ar_blogger
2860,2021-05-31,00 10 19 23 29 43,08 19 24 26 37 45,01 02 03 18 19 31,02 03 14 24 34 41,quini-6.com.ar_blogger
2861,2021-06-03,04 05 12 19 30 45,17 27 29 35 39 41,08 25 30 31 41 43,03 07 30 38 42 45,quini-6.com.ar_blogger
2862,2021-06-06,17 23 32 37 39 45,01 14 16 25 29 31,03 16 20 29 33 37,00 19 26 31 32 38,quini-6.com.ar_blogger
2863,2021-06-09,00 04 13 17 35 41,07 08 11 13 23 41,02 07 11 20 22 45,04 18 25 32 34 44,quini-6.com.ar_blogger
2864,2021-06-13,06 11 13 19 20 30,00 03 08 10 42 43,00 01 04 07 08 32,00 03 05 09 17 18,quini-6.com.ar_blogger
2865,2021-06-16,05 11 14 16 31 36,15 21 27 30 41 43,02 03 09 15 37 45,09 10 21 24 38 44,quini-6.com.ar_blogger
2866,2021-06-20,03 06 29 32 35 42,17 18 26 31 38 39,06 08 14 17 23 28,05 19 21 23 35 41,quini-6.com.ar_blogger
2867,2021-06-23,05 11 27 31 36 45,04 11 15 28 29 41,03 06 13 14 25 31,02 09 23 34 35 42,quini-6.com.ar_blogger
2868,2021-06-27,03 24 25 35 40 43,09 10 22 25 43 44,12 17 19 26 34 41,17 18 33 34 36 38,quini-6.com.ar_blogger
2869,2021-06-30,13 18 23 26 36 37,02 17 30 35 42 44,01 02 06 12 25 40,01 13 16 22 24 30,quini-6.com.ar_blogger
2870,2021-07-04,00 04 05 20 25 38,00 06 13 18 41 42,14 19 32 38 43 44,01 24 26 33 39 42,quini-6.com.ar_blogger
2871,2021-07-07,08 10 13 17 34 44,07 25 32 36 40 42,02 20 33 36 42 45,08 10 28 35 39 41,quini-6.com.ar_blogger
2872,2021-07-11,09 16 17 19 26 36,06 13 19 28 41 44,05 08 11 15 20 21,00 01 09 19 21 24,quini-6.com.ar_blogger
2873,2021-07-14,04 20 23 29 30 45,07 16 31 35 36 43,10 17 21 23 37 45,25 33 34 37 39 42,quini-6.com.ar_blogger
2874,2021-07-18,01 09 10 13 23 39,05 08 12 22 26 45,01 04 05 10 33 45,02 03 14 15 33 37,quini-6.com.ar_blogger
2875,2021-07-21,11 12 13 24 27 38,00 06 08 15 18 36,00 10 13 28 30 34,09 12 17 28 37 40,quini-6.com.ar_blogger
2876,2021-07-25,01 06 09 36 38 41,06 08 09 15 16 45,10 11 14 23 31 34,09 20 22 23 30 37,quini-6.com.ar_blogger
2877,2021-07-28,05 11 16 19 25 41,02 08 15 20 25 26,06 07 17 30 35 44,11 15 22 25 30 40,quini-6.com.ar_blogger
2878,2021-08-01,00 14 15 18 35 41,10 24 34 37 38 45,00 26 27 31 37 40,10 22 27 35 38 40,quini-6.com.ar_blogger
2879,2021-08-04,11 22 27 32 42 44,02 04 08 22 30 35,04 10 22 27 28 29,03 21 24 29 33 40,quini-6.com.ar_blogger
2880,2021-08-08,01 16 17 41 43 44,07 12 17 23 24 37,06 20 21 25 28 29,07 26 30 36 40 44,quini-6.com.ar_blogger
2881,2021-08-11,00 02 07 27 29 42,02 09 31 37 40 42,01 08 18 21 34 45,07 09 13 16 35 41,quini-6.com.ar_blogger
2882,2021-08-15,03 08 10 25 29 31,00 01 06 21 24 27,10 14 21 22 36 41,11 19 24 28 31 32,quini-6.com.ar_blogger
2883,2021-08-18,00 05 16 22 26 38,12 15 24 32 33 45,00 25 27 32 35 43,10 13 18 32 35 45,quini-6.com.ar_blogger
2884,2021-08-22,03 06 23 24 25 42,04 05 15 23 32 42,15 19 27 30 36 41,10 14 34 35 38 44,quini-6.com.ar_blogger
2885,2021-08-25,10 12 14 31 32 34,16 25 32 38 39 45,00 13 22 26 32 45,07 15 16 20 30 42,quini-6.com.ar_blogger
2886,2021-08-29,00 12 20 37 42 45,16 23 33 38 39 45,12 16 22 35 36 40,15 16 19 24 30 36,quini-6.com.ar_blogger
2887,2021-09-01,06 10 12 32 35 44,05 06 12 30 31 44,03 04 11 20 25 33,01 03 18 20 33 36,quini-6.com.ar_blogger
2888,2021-09-05,03 21 24 26 35 38,08 09 11 12 23 24,06 09 19 26 29 34,01 07 29 31 40 41,quini-6.com.ar_blogger
2889,2021-09-08,10 15 20 25 30 38,08 09 24 34 41 44,01 02 03 06 22 44,01 24 27 31 40 45,quini-6.com.ar_blogger
2890,2021-09-12,01 03 16 18 20 40,09 11 15 21 37 45,01 04 06 22 35 36,00 06 28 32 36 42,quini-6.com.ar_blogger
2891,2021-09-15,08 12 14 16 26 38,03 20 21 25 28 45,03 15 19 23 35 40,08 22 29 34 35 37,quini-6.com.ar_blogger
2892,2021-09-19,02 11 12 19 23 35,01 08 18 25 36 41,00 01 05 18 35 41,00 17 20 29 36 38,quini-6.com.ar_blogger
2893,2021-09-22,05 14 21 22 38 44,01 17 18 21 38 44,17 20 32 34 44 45,14 23 29 36 41 45,quini-6.com.ar_blogger
2894,2021-09-26,08 09 18 19 21 23,13 19 20 22 30 39,06 19 27 29 37 40,03 04 11 30 31 40,quini-6.com.ar_blogger
2895,2021-09-29,02 10 17 20 27 34,02 07 17 21 35 38,03 08 09 12 16 21,00 12 30 36 41 45,quini-6.com.ar_blogger
2896,2021-10-03,03 19 25 26 27 35,02 17 18 22 32 43,02 05 06 22 23 41,06 20 27 30 32 39,quini-6.com.ar_blogger
2897,2021-10-06,06 12 17 22 40 44,03 13 24 27 31 43,16 18 27 41 44 45,11 13 17 19 22 42,quini-6.com.ar_blogger
2898,2021-10-10,04 27 30 35 38 41,04 11 22 28 37 39,06 11 23 24 35 43,01 09 10 30 35 44,quini-6.com.ar_blogger
2899,2021-10-13,02 09 15 19 26 27,14 24 34 38 40 43,08 12 17 20 22 39,10 21 23 28 34 39,quini-6.com.ar_blogger
2900,2021-10-17,07 17 18 21 35 39,00 15 21 30 31 41,01 17 23 28 35 43,06 09 12 31 37 45,quini-6.com.ar_blogger
2901,2021-10-20,01 13 14 37 42 45,17 20 21 34 38 45,06 09 11 21 28 45,01 06 29 34 39 45,quini-6.com.ar_blogger
2902,2021-10-24,18 21 23 30 31 38,09 16 24 39 43 45,12 13 14 20 22 38,00 01 13 25 27 42,quini-6.com.ar_blogger
2903,2021-10-27,13 15 21 29 31 33,09 23 29 37 38 45,08 29 31 38 39 43,12 13 18 20 27 37,quini-6.com.ar_blogger
2904,2021-10-31,05 06 11 14 41 43,00 05 08 27 28 34,11 20 33 34 37 42,02 16 17 24 25 40,quini-6.com.ar_blogger
2905,2021-11-03,02 04 15 16 19 30,01 13 17 18 33 40,02 12 21 26 34 43,06 16 22 27 37 44,quini-6.com.ar_blogger
2906,2021-11-07,00 05 16 17 34 40,06 10 11 37 39 45,07 11 19 34 36 42,05 06 08 10 13 18,quini-6.com.ar_blogger
2907,2021-11-10,02 07 11 23 28 38,02 15 18 19 20 30,05 08 11 14 31 42,12 23 25 27 35 39,quini-6.com.ar_blogger
2908,2021-11-14,01 02 04 05 13 28,02 07 09 21 23 42,00 07 12 24 33 37,09 16 21 25 30 43,quini-6.com.ar_blogger
2909,2021-11-17,09 12 15 22 29 42,01 18 19 22 33 40,02 14 15 17 21 29,11 18 20 22 33 39,quini-6.com.ar_blogger
2910,2021-11-21,04 08 10 21 39 40,02 07 08 15 18 25,08 14 20 32 34 45,13 21 22 33 39 40,quini-6.com.ar_blogger
2911,2021-11-24,02 25 26 31 36 38,05 28 36 37 43 44,03 17 21 22 37 44,02 18 29 30 34 39,quini-6.com.ar_blogger
2912,2021-11-28,04 05 22 26 29 45,03 07 09 20 37 45,05 08 26 29 32 37,02 12 33 37 42 45,quini-6.com.ar_blogger
2913,2021-12-01,11 20 22 27 31 39,03 05 25 33 41 43,01 11 15 22 41 42,06 23 24 33 39 45,quini-6.com.ar_blogger
2914,2021-12-05,00 16 23 28 39 44,06 20 21 24 26 40,03 17 25 27 36 37,05 11 13 18 21 24,quini-6.com.ar_blogger
2915,2021-12-08,09 21 25 28 33 45,01 09 12 19 34 42,15 22 33 37 40 42,08 10 23 24 26 36,quini-6.com.ar_blogger
2916,2021-12-12,16 18 24 28 33 37,07 20 32 35 42 43,03 09 12 17 21 31,11 21 22 26 31 32,quini-6.com.ar_blogger
2917,2021-12-15,10 21 22 25 37 39,04 05 07 20 24 30,02 13 19 22 27 42,03 14 20 29 32 38,quini-6.com.ar_blogger
2918,2021-12-19,00 01 04 10 14 43,10 12 13 14 25 28,00 05 14 16 29 35,01 11 14 26 35 40,quini-6.com.ar_blogger
2919,2021-12-24,04 15 17 21 23 27,25 26 29 36 37 44,04 16 17 32 34 35,07 10 15 26 31 34,quini-6.com.ar_blogger
2920,2021-12-31,02 20 23 25 37 43,09 11 16 17 22 30,01 02 34 35 36 38,01 07 08 13 34 45,quini-6.com.ar_blogger
2921,2022-01-05,08 13 21 34 44 45,14 31 37 40 43 45,03 04 11 15 16 27,09 21 24 29 33 45,quini-6.com.ar_blogger
2922,2022-01-09,01 11 18 29 33 37,00 17 21 28 34 37,04 14 18 21 30 31,13 21 22 27 28 44,quini-6.com.ar_blogger
2923,2022-01-12,00 06 13 27 31 41,01 10 11 30 33 44,14 21 26 31 32 34,00 10 11 13 33 43,quini-6.com.ar_blogger
2924,2022-01-16,01 06 21 27 34 38,23 33 34 37 41 42,10 16 26 29 35 39,12 16 19 21 33 45,quini-6.com.ar_blogger
2925,2022-01-19,00 17 32 41 42 44,09 11 18 19 31 39,08 12 14 25 40 45,06 17 31 34 42 43,quini-6.com.ar_blogger
2926,2022-01-23,09 10 11 20 33 34,10 12 20 25 28 45,09 12 20 26 29 30,03 04 20 25 27 42,quini-6.com.ar_blogger
2927,2022-01-26,05 10 22 31 37 44,03 06 15 24 25 37,05 16 35 36 41 43,01 02 13 20 26 45,quini-6.com.ar_blogger
2928,2022-01-30,01 06 10 16 30 39,04 09 18 39 40 44,02 14 27 31 34 40,09 20 25 34 39 40,quini-6.com.ar_blogger
2929,2022-02-02,18 21 26 34 41 44,00 05 11 17 21 34,02 08 12 17 19 41,05 06 16 22 27 29,quini-6.com.ar_blogger
2930,2022-02-06,02 06 18 33 34 41,12 17 24 33 36 37,03 15 22 38 39 45,16 17 26 36 38 43,quini-6.com.ar_blogger
2931,2022-02-09,13 17 23 24 34 38,03 06 17 26 35 38,09 17 18 34 41 45,00 04 19 27 29 34,quini-6.com.ar_blogger
2932,2022-02-13,10 20 22 23 25 28,02 19 24 28 32 41,07 18 21 22 36 44,00 11 24 25 40 41,quini-6.com.ar_blogger
2933,2022-02-16,07 21 29 30 33 37,04 08 11 34 42 44,09 18 36 40 42 44,06 13 18 20 22 24,quini-6.com.ar_blogger
2934,2022-02-20,07 08 13 20 21 37,01 13 21 32 37 45,12 16 21 36 37 38,02 12 15 26 35 45,quini-6.com.ar_blogger
2935,2022-02-23,04 05 15 16 27 30,06 14 25 31 33 42,00 33 37 38 39 43,04 05 10 22 27 35,quini-6.com.ar_blogger
2936,2022-02-27,07 12 23 31 38 43,07 21 26 27 29 41,01 02 04 08 19 20,02 04 06 22 38 40,quini-6.com.ar_blogger
2937,2022-03-02,09 12 16 20 24 38,05 19 20 29 35 40,03 15 20 23 36 39,01 02 25 35 39 42,quini-6.com.ar_blogger
2938,2022-03-06,12 27 29 35 41 42,04 05 13 21 27 37,00 09 15 31 36 42,00 04 10 29 32 35,quini-6.com.ar_blogger
2939,2022-03-09,09 12 24 36 38 40,07 10 14 23 24 33,22 24 25 31 33 38,08 20 26 27 33 45,quini-6.com.ar_blogger
2940,2022-03-13,08 10 16 22 34 42,00 14 17 38 39 43,11 15 33 36 38 42,00 03 15 32 33 41,quini-6.com.ar_blogger
2941,2022-03-16,00 02 07 13 23 43,07 11 16 17 21 38,05 07 19 21 32 42,07 11 25 41 42 43,quini-6.com.ar_blogger
2942,2022-03-20,02 16 21 23 29 41,19 21 24 31 38 40,08 11 14 33 38 43,02 03 15 17 29 45,quini-6.com.ar_blogger
2943,2022-03-23,07 08 27 28 38 41,02 12 15 21 31 36,07 10 19 25 29 36,11 17 23 26 30 35,quini-6.com.ar_blogger
2944,2022-03-27,12 20 23 24 30 32,12 20 27 36 38 42,03 12 16 17 24 33,02 10 14 18 22 41,quini-6.com.ar_blogger
2945,2022-03-30,13 18 21 38 42 44,07 24 27 32 41 44,00 04 08 18 35 37,00 10 14 16 32 37,quini-6.com.ar_blogger
2946,2022-04-03,00 04 05 14 37 43,06 17 36 38 43 44,02 05 28 32 36 45,02 09 10 17 21 28,quini-6.com.ar_blogger
2947,2022-04-06,11 16 18 32 41 42,01 03 25 26 27 39,10 28 32 37 43 45,04 11 15 25 29 31,quini-6.com.ar_blogger
2948,2022-04-10,05 07 09 13 15 44,04 08 22 37 44 45,12 18 24 32 36 42,03 10 11 16 31 43,quini-6.com.ar_blogger
2949,2022-04-13,04 15 17 25 36 39,00 06 19 29 33 44,02 20 26 27 31 36,16 17 32 40 41 43,quini-6.com.ar_blogger
2950,2022-04-17,00 10 13 24 38 43,12 14 25 29 33 39,01 11 19 27 32 34,19 22 34 36 39 42,quini-6.com.ar_blogger
2951,2022-04-20,11 20 23 27 31 37,04 12 31 36 38 45,04 10 11 24 38 43,04 06 09 19 28 45,quini-6.com.ar_blogger
2952,2022-04-24,02 09 16 17 31 42,08 19 37 38 40 41,01 07 08 17 20 42,15 18 19 27 37 43,quini-6.com.ar_blogger
2953,2022-04-27,02 04 08 15 16 38,01 09 13 24 27 33,01 03 21 32 39 42,11 17 29 35 36 41,quini-6.com.ar_blogger
2954,2022-05-01,04 06 14 21 22 38,16 18 20 34 35 38,15 16 28 36 38 40,11 13 18 24 25 33,quini-6.com.ar_blogger
2955,2022-05-04,01 08 11 19 22 23,07 14 15 26 27 42,10 14 30 37 40 45,01 02 09 20 40 43,quini-6.com.ar_blogger
2956,2022-05-08,06 12 20 26 27 32,02 03 19 22 25 40,01 07 12 23 28 32,11 13 30 32 38 44,quini-6.com.ar_blogger
2957,2022-05-11,11 14 22 32 35 44,01 03 14 24 32 38,01 05 08 10 25 30,12 14 20 21 39 44,quini-6.com.ar_blogger
2958,2022-05-15,04 07 10 14 26 33,11 19 28 30 33 36,02 11 18 27 40 44,05 06 12 18 32 34,quini-6.com.ar_blogger
2959,2022-05-18,02 03 07 26 30 34,01 02 03 18 22 33,04 10 23 24 37 40,01 03 07 16 28 30,quini-6.com.ar_blogger
2960,2022-05-22,04 14 17 27 39 43,01 06 19 20 25 37,08 13 16 39 41 42,02 08 11 18 25 45,quini-6.com.ar_blogger
2961,2022-05-25,01 19 21 26 39 43,14 17 18 25 37 41,10 14 18 34 36 42,10 13 19 26 35 45,quini-6.com.ar_blogger
2962,2022-05-29,00 01 03 05 12 17,17 32 34 35 36 45,02 05 12 16 19 43,05 08 11 17 26 39,quini-6.com.ar_blogger
2963,2022-06-01,12 18 23 38 39 43,00 09 18 33 36 37,00 05 17 29 33 42,07 14 16 28 38 41,quini-6.com.ar_blogger
2964,2022-06-05,08 17 21 30 38 44,03 10 11 21 24 40,00 04 24 29 32 38,00 01 09 14 39 44,quini-6.com.ar_blogger
2965,2022-06-08,00 02 03 24 41 45,01 26 31 32 38 42,04 07 21 24 31 45,01 05 09 11 15 27,quini-6.com.ar_blogger
2966,2022-06-12,01 07 10 19 33 38,00 04 16 19 30 38,10 11 12 13 24 37,05 15 29 30 37 40,quini-6.com.ar_blogger
2967,2022-06-15,01 07 11 16 41 45,04 07 28 34 37 40,03 05 25 26 36 44,04 17 20 34 37 41,quini-6.com.ar_blogger
2968,2022-06-19,00 08 13 16 21 28,09 12 24 25 33 43,09 17 22 25 32 43,22 29 32 35 36 37,quini-6.com.ar_blogger
2969,2022-06-22,14 20 22 26 28 45,14 24 27 38 39 44,05 08 33 37 38 41,02 08 10 13 24 28,quini-6.com.ar_blogger
2970,2022-06-26,01 04 23 31 42 43,09 15 17 19 33 40,01 07 22 33 37 45,00 03 18 19 36 44,quini-6.com.ar_blogger
2971,2022-06-29,04 06 10 17 21 31,03 04 05 06 35 38,00 14 23 26 36 43,18 21 24 32 37 39,quini-6.com.ar_blogger
2972,2022-07-03,07 19 20 28 31 44,04 09 22 32 34 42,06 08 17 19 22 42,02 05 10 15 16 18,quini-6.com.ar_blogger
2973,2022-07-06,02 03 04 08 25 36,04 10 18 21 33 43,00 11 19 23 29 42,05 06 09 24 34 37,quini-6.com.ar_blogger
2974,2022-07-10,02 03 16 36 39 44,09 21 24 28 42 44,12 16 19 28 33 35,01 04 22 28 31 41,quini-6.com.ar_blogger
2975,2022-07-13,00 14 31 33 39 40,01 11 17 19 20 35,00 07 11 17 25 45,03 14 18 22 35 44,quini-6.com.ar_blogger
2976,2022-07-17,01 23 24 25 34 45,00 08 25 27 34 41,04 06 10 16 19 30,00 14 23 24 33 34,quini-6.com.ar_blogger
2977,2022-07-20,09 12 21 39 41 44,10 11 22 23 35 40,01 06 17 20 28 44,02 09 10 25 28 37,quini-6.com.ar_blogger
2978,2022-07-24,15 22 24 29 36 41,11 27 29 32 37 38,03 15 21 23 28 29,07 17 19 29 36 45,quini-6.com.ar_blogger
2979,2022-07-27,01 04 36 37 40 41,03 15 16 20 34 44,04 13 14 19 23 39,18 24 29 32 41 45,quini-6.com.ar_blogger
2980,2022-07-31,02 06 12 21 40 45,09 11 16 24 26 42,02 07 08 21 23 38,04 06 10 17 18 30,quini-6.com.ar_blogger
2981,2022-08-03,10 17 25 33 41 44,16 18 20 21 26 33,12 13 20 23 32 45,05 07 21 24 41 45,quini-6.com.ar_blogger
2982,2022-08-07,00 01 06 07 11 23,05 09 13 15 18 25,06 18 27 32 34 38,00 03 09 18 33 34,quini-6.com.ar_blogger
2983,2022-08-10,03 04 10 14 16 40,01 05 10 28 34 45,00 10 16 18 19 44,05 12 13 22 23 42,quini-6.com.ar_blogger
2984,2022-08-14,02 04 05 10 14 30,05 14 26 43 44 45,06 24 27 34 35 39,07 22 23 28 29 36,quini-6.com.ar_blogger
2985,2022-08-17,02 12 17 18 24 32,06 20 24 27 28 42,00 16 28 34 35 45,00 03 16 19 40 45,quini-6.com.ar_blogger
2986,2022-08-21,00 09 12 17 24 32,11 12 23 29 37 42,14 15 16 20 29 40,02 15 17 28 29 38,quini-6.com.ar_blogger
2987,2022-08-24,10 24 34 35 38 45,07 11 16 17 19 40,07 30 34 35 40 44,04 11 13 27 42 43,quini-6.com.ar_blogger
2988,2022-08-28,00 13 19 23 29 32,08 10 16 34 40 42,03 04 05 23 31 44,05 15 21 23 28 34,quini-6.com.ar_blogger
2989,2022-09-01,16 24 25 34 38 44,01 04 09 30 33 43,13 17 18 25 36 44,01 02 09 11 30 39,quini-6.com.ar_blogger
2990,2022-09-04,03 11 24 32 34 42,02 08 10 23 26 35,07 14 20 29 32 44,01 12 23 24 31 37,quini-6.com.ar_blogger
2991,2022-09-07,00 12 24 28 38 42,03 06 11 35 44 45,06 14 15 26 36 37,03 10 11 21 23 29,quini-6.com.ar_blogger
2992,2022-09-11,00 02 13 14 26 44,02 08 12 14 20 36,03 16 24 26 27 42,03 10 11 20 25 31,quini-6.com.ar_blogger
2993,2022-09-14,00 05 15 16 21 38,11 15 20 22 27 31,05 09 11 17 20 23,11 12 21 24 26 40,quini-6.com.ar_blogger
2994,2022-09-18,03 04 12 14 21 44,08 10 11 22 25 42,08 11 13 21 27 40,02 05 08 12 16 21,quini-6.com.ar_blogger
2995,2022-09-21,01 04 10 15 17 33,12 21 22 26 27 36,08 15 27 29 32 35,00 18 19 23 35 42,quini-6.com.ar_blogger
2996,2022-09-25,02 18 21 25 40 45,05 20 22 23 38 44,01 20 29 30 40 42,02 05 28 29 35 37,quini-6.com.ar_blogger
2997,2022-09-28,03 08 10 13 18 41,04 07 09 25 33 39,06 16 19 26 27 30,19 27 33 40 42 43,quini-6.com.ar_blogger
2998,2022-10-02,00 02 05 32 33 41,12 13 15 23 38 42,05 14 15 19 34 42,08 11 22 23 32 43,quini-6.com.ar_blogger
2999,2022-10-05,16 28 31 35 39 40,03 07 08 12 13 30,02 10 16 17 28 40,00 05 15 21 35 36,quini-6.com.ar_blogger
3000,2022-10-09,05 09 16 18 21 25,08 16 20 21 28 29,07 16 20 35 39 43,12 14 18 32 40 45,quini-6.com.ar_blogger
3001,2022-10-12,03 05 26 28 34 36,13 24 25 33 39 43,11 26 31 32 37 43,03 12 23 27 34 38,quini-6.com.ar_blogger
3002,2022-10-16,04 05 06 26 32 43,05 09 19 31 33 45,09 11 13 21 40 41,09 14 16 22 27 44,quini-6.com.ar_blogger
3003,2022-10-19,01 06 10 16 19 28,02 12 15 17 34 40,00 17 21 30 35 39,02 08 12 13 29 44,quini-6.com.ar_blogger
3004,2022-10-23,09 12 25 30 31 37,04 07 10 13 26 43,00 14 18 24 40 41,08 09 20 23 30 36,quini-6.com.ar_blogger
3005,2022-10-26,05 23 26 29 31 44,02 03 12 16 31 38,03 06 08 21 42 43,10 12 29 32 38 44,quini-6.com.ar_blogger
3006,2022-10-30,16 26 31 38 39 44,06 08 13 29 40 41,04 11 31 36 41 43,08 10 23 24 40 42,quini-6.com.ar_blogger
3007,2022-11-02,00 10 12 25 37 40,12 15 26 29 42 43,08 11 17 27 29 43,04 07 20 25 33 34,quini-6.com.ar_blogger
3008,2022-11-06,22 32 34 37 41 45,11 18 30 35 38 39,08 17 19 37 38 39,02 24 25 31 44 45,quini-6.com.ar_blogger
3009,2022-11-09,04 07 09 22 25 44,01 04 13 37 41 45,01 29 33 35 40 44,09 15 25 27 29 41,quini-6.com.ar_blogger
3010,2022-11-13,07 16 23 25 32 36,05 12 21 29 33 44,00 08 16 25 39 40,07 09 19 24 34 38,quini-6.com.ar_blogger
3011,2022-11-20,01 03 09 12 25 40,14 16 17 33 39 43,01 17 19 37 38 43,10 17 18 20 24 45,quini-6.com.ar_blogger
3012,2022-11-23,03 08 09 14 21 27,03 04 13 18 26 27,02 04 13 18 22 34,02 17 22 23 36 38,quini-6.com.ar_blogger
3013,2022-11-27,04 09 20 26 31 45,11 18 26 33 36 41,08 10 13 27 33 41,03 04 10 14 22 25,quini-6.com.ar_blogger
3014,2022-11-30,17 20 24 30 34 36,03 05 11 24 26 36,00 06 08 12 24 34,02 06 08 10 21 44,quini-6.com.ar_blogger
3015,2022-12-04,11 14 21 28 30 37,09 10 15 16 17 42,02 32 35 39 41 42,08 09 19 20 35 36,quini-6.com.ar_blogger
3016,2022-12-07,10 12 17 26 30 43,01 07 17 21 35 40,01 05 06 09 10 20,01 02 13 17 24 40,quini-6.com.ar_blogger
3017,2022-12-11,00 09 17 26 37 42,07 16 19 22 31 39,02 19 21 30 33 42,01 02 06 10 15 23,quini-6.com.ar_blogger
3018,2022-12-14,06 16 23 24 40 41,02 04 12 29 38 44,03 14 20 22 36 41,09 11 15 22 30 32,quini-6.com.ar_blogger
3019,2022-12-18,06 11 17 28 31 43,00 03 25 28 35 37,08 19 21 28 34 36,05 13 14 15 17 19,quini-6.com.ar_blogger
3020,2022-12-26,01 02 06 17 31 34,01 10 14 30 34 35,02 04 15 21 26 30,08 15 24 29 40 45,quini-6.com.ar_blogger
3021,2022-12-28,01 08 19 20 23 40,08 16 21 26 43 44,02 09 11 15 17 20,05 15 22 34 35 43,quini-6.com.ar_blogger
3022,2023-01-02,06 10 11 22 27 28,07 21 28 30 34 36,02 07 24 25 27 40,00 05 12 26 29 36,quini-6.com.ar_blogger
3023,2023-01-04,03 09 20 36 39 43,13 15 19 28 30 42,11 12 14 25 26 44,02 17 21 35 37 43,quini-6.com.ar_blogger
3024,2023-01-08,06 15 23 38 43 44,00 13 16 22 25 38,03 06 22 27 41 42,05 26 27 29 35 39,quini-6.com.ar_blogger
3025,2023-01-11,05 06 22 25 34 35,02 07 12 14 25 27,04 09 13 21 28 31,01 05 07 17 30 36,quini-6.com.ar_blogger
3026,2023-01-15,06 08 15 36 39 44,01 08 20 36 39 42,03 04 07 10 33 43,01 02 06 12 15 43,quini-6.com.ar_blogger
3027,2023-01-18,01 04 15 19 27 43,13 20 30 36 38 44,00 12 15 29 42 43,02 09 12 14 29 35,quini-6.com.ar_blogger
3028,2023-01-22,02 06 12 15 36 42,18 22 27 35 40 41,00 31 35 36 37 41,04 05 08 12 31 32,quini-6.com.ar_blogger
3029,2023-01-25,01 15 18 20 31 38,01 04 07 21 35 43,09 30 31 34 36 45,00 08 16 27 41 43,quini-6.com.ar_blogger
3030,2023-01-29,00 01 08 12 15 19,02 05 37 38 39 45,00 17 26 30 35 38,03 11 13 27 31 36,quini-6.com.ar_blogger
3031,2023-02-01,03 05 15 31 34 43,07 15 16 17 38 41,28 30 31 37 42 45,04 08 18 30 35 45,quini-6.com.ar_blogger
3032,2023-02-05,14 16 29 32 36 40,09 19 25 33 41 44,12 22 25 30 38 41,00 01 11 17 20 28,quini-6.com.ar_blogger
3033,2023-02-08,02 13 19 25 30 32,08 09 11 27 40 45,08 14 21 27 40 42,12 13 19 21 40 44,quini-6.com.ar_blogger
3034,2023-02-12,03 08 12 16 21 26,00 04 17 23 25 43,02 15 18 32 39 40,01 15 19 21 23 39,quini-6.com.ar_blogger
3035,2023-02-15,06 17 24 26 34 40,03 05 08 17 26 33,01 14 19 25 27 45,06 12 33 34 35 38,quini-6.com.ar_blogger
3036,2023-02-19,14 15 21 23 39 43,04 13 17 20 37 38,06 13 14 16 20 21,02 14 36 38 43 45,quini-6.com.ar_blogger
3037,2023-02-22,01 08 17 25 33 45,07 24 36 37 39 40,04 17 31 36 37 38,08 12 21 35 44 45,quini-6.com.ar_blogger
3038,2023-02-26,02 09 13 24 35 40,00 01 03 08 16 39,09 18 33 36 38 42,12 29 37 38 42 43,quini-6.com.ar_blogger
3039,2023-03-01,07 12 13 30 32 39,01 11 13 14 17 44,13 19 22 24 30 31,07 11 18 30 34 45,quini-6.com.ar_blogger
3040,2023-03-05,01 12 16 21 25 30,00 15 30 32 43 45,07 11 21 23 24 37,01 05 25 27 28 36,quini-6.com.ar_blogger
3041,2023-03-08,00 02 07 13 24 38,00 12 14 37 38 41,04 10 14 19 22 42,02 09 16 22 40 45,quini-6.com.ar_blogger
3042,2023-03-12,07 18 21 32 37 39,00 02 15 22 31 38,18 21 28 31 35 43,09 14 22 36 39 41,quini-6.com.ar_blogger
3043,2023-03-15,08 14 17 23 26 39,01 05 13 14 18 30,01 05 07 21 30 35,07 12 18 19 27 29,quini-6.com.ar_blogger
3044,2023-03-19,00 15 19 39 43 44,03 12 15 18 24 28,12 14 16 27 37 41,00 18 23 33 35 42,quini-6.com.ar_blogger
3045,2023-03-22,01 19 24 25 27 35,06 19 23 25 31 33,07 14 26 31 38 42,04 25 38 41 43 45,quini-6.com.ar_blogger
3046,2023-03-26,02 06 09 18 19 38,06 11 16 24 28 37,03 10 13 17 25 33,00 09 13 15 16 31,quini-6.com.ar_blogger
3047,2023-03-29,03 26 31 38 44 45,04 15 29 32 37 42,04 24 25 26 38 43,03 27 29 31 36 40,quini-6.com.ar_blogger
3048,2023-04-02,12 21 31 32 34 36,02 07 08 16 23 28,02 03 13 15 23 35,00 02 04 16 34 41,quini-6.com.ar_blogger
3049,2023-04-05,06 15 24 26 28 29,01 06 11 22 29 36,01 02 11 26 30 42,00 03 06 23 30 31,quini-6.com.ar_blogger
3050,2023-04-09,00 04 09 17 29 41,14 15 16 22 30 34,21 26 29 32 41 42,04 10 27 31 35 41,quini-6.com.ar_blogger
3051,2023-04-12,09 11 14 15 25 29,01 11 27 28 34 37,04 13 18 29 35 38,14 15 23 32 34 37,quini-6.com.ar_blogger
3052,2023-04-16,22 27 34 36 38 44,02 05 32 34 38 43,04 13 15 19 29 40,06 11 24 25 34 43,quini-6.com.ar_blogger
3053,2023-04-19,11 17 20 26 41 43,02 06 17 19 29 35,00 06 11 12 19 26,08 15 16 21 31 44,quini-6.com.ar_blogger
3054,2023-04-23,00 15 22 33 35 41,09 17 23 24 35 44,00 04 08 09 11 16,16 26 28 29 30 34,quini-6.com.ar_blogger
3055,2023-04-26,07 12 26 29 34 45,09 21 26 29 30 43,13 17 22 28 38 40,04 06 08 11 25 42,quini-6.com.ar_blogger
3056,2023-04-30,11 14 29 31 36 40,10 12 13 14 39 44,16 21 31 32 34 38,00 22 28 34 35 41,quini-6.com.ar_blogger
3057,2023-05-03,05 08 15 19 25 36,21 33 40 41 42 43,00 09 13 32 39 45,08 11 14 25 41 42,quini-6.com.ar_blogger
3058,2023-05-07,07 08 09 10 15 17,22 30 38 41 44 45,00 18 20 21 26 28,08 11 32 35 36 38,quini-6.com.ar_blogger
3059,2023-05-10,23 33 39 41 43 44,02 30 31 36 39 41,05 09 28 30 41 45,07 20 23 34 35 36,quini-6.com.ar_blogger
3060,2023-05-14,03 07 09 28 33 36,10 11 16 20 21 29,06 14 18 27 30 45,03 06 08 20 36 39,quini-6.com.ar_blogger
3061,2023-05-17,02 08 12 16 31 39,03 13 27 31 33 40,08 24 25 35 36 41,09 14 18 19 20 27,quini-6.com.ar_blogger
3062,2023-05-21,01 15 25 38 39 44,10 17 25 35 42 45,09 11 16 20 22 43,01 06 13 17 34 38,quini-6.com.ar_blogger
3063,2023-05-24,13 18 26 28 35 45,02 07 13 25 32 42,07 09 29 30 39 41,06 12 23 36 44 45,quini-6.com.ar_blogger
3064,2023-05-28,01 18 19 20 27 40,10 13 24 25 35 43,04 09 10 19 35 43,07 13 15 28 30 39,quini-6.com.ar_blogger
3065,2023-05-31,03 13 26 30 33 45,00 02 10 11 25 31,11 20 27 32 33 36,13 26 28 29 40 44,quini-6.com.ar_blogger
3066,2023-06-04,06 13 21 36 37 45,06 12 27 28 30 41,06 20 24 26 28 37,01 05 20 26 31 39,quini-6.com.ar_blogger
3067,2023-06-07,04 05 09 11 29 31,10 11 13 19 22 40,03 17 25 37 38 44,14 21 23 29 32 45,quini-6.com.ar_blogger
3068,2023-06-11,11 14 21 42 43 44,02 11 12 16 28 45,15 19 23 24 37 38,17 18 25 26 31 45,quini-6.com.ar_blogger
3069,2023-06-14,00 06 07 25 42 43,12 18 22 23 32 36,02 05 13 19 32 45,03 04 16 22 30 35,quini-6.com.ar_blogger
3070,2023-06-18,08 13 19 30 37 43,00 23 26 32 33 42,01 05 06 12 21 37,02 04 15 19 27 37,quini-6.com.ar_blogger
3071,2023-06-21,00 07 15 16 36 42,07 08 32 34 35 39,08 20 23 24 31 34,16 17 20 25 27 40,quini-6.com.ar_blogger
3072,2023-06-25,08 15 24 29 32 36,04 09 14 30 35 38,10 14 16 20 31 36,17 22 27 29 35 45,quini-6.com.ar_blogger
3073,2023-06-28,00 02 12 13 24 37,01 02 37 39 41 45,01 25 34 38 43 44,06 09 19 31 36 41,quini-6.com.ar_blogger
3074,2023-07-02,07 13 14 25 35 45,00 03 08 20 36 40,06 11 13 19 23 32,11 24 28 30 31 39,quini-6.com.ar_blogger
3075,2023-07-05,04 05 07 08 21 23,11 15 24 37 41 43,04 06 13 16 19 34,00 14 21 26 36 39,quini-6.com.ar_blogger
3076,2023-07-09,06 24 31 40 43 45,05 09 13 18 40 41,04 05 10 23 34 37,04 12 21 23 25 43,quini-6.com.ar_blogger
3077,2023-07-12,12 17 30 34 35 37,06 07 09 14 17 24,00 04 15 29 31 32,06 14 18 27 32 37,quini-6.com.ar_blogger
3078,2023-07-16,05 06 10 28 42 43,06 20 23 38 41 44,02 06 17 18 43 44,04 09 10 13 40 43,quini-6.com.ar_blogger
3079,2023-07-19,01 23 27 30 39 41,01 23 27 30 39 41,02 10 18 20 25 36,00 03 09 24 29 45,quini-6.com.ar_blogger
3080,2023-07-23,01 04 09 21 32 43,07 23 26 38 41 43,06 09 26 32 33 40,06 07 15 17 36 40,quini-6.com.ar_blogger
3081,2023-07-26,01 17 20 26 29 31,01 07 16 18 22 23,00 09 16 35 40 41,01 03 17 28 35 37,quini-6.com.ar_blogger
3082,2023-07-30,18 20 22 36 39 40,02 11 15 19 31 37,04 05 11 20 23 26,04 25 26 29 31 36,quini-6.com.ar_blogger
3083,2023-08-02,05 07 14 15 19 25,06 09 10 20 27 41,17 27 29 30 32 33,23 24 26 29 39 40,quini-6.com.ar_blogger
3084,2023-08-06,07 11 15 16 28 38,10 18 25 28 32 40,04 12 21 32 35 44,02 14 22 34 37 42,quini-6.com.ar_blogger
3085,2023-08-09,02 04 20 27 35 37,03 04 05 08 28 43,04 13 15 21 35 43,15 19 20 29 32 37,quini-6.com.ar_blogger
3086,2023-08-13,03 10 18 28 32 33,26 31 35 38 40 45,11 16 19 28 37 42,11 21 27 40 41 45,quini-6.com.ar_blogger
3087,2023-08-16,23 29 32 39 40 42,02 04 07 09 10 24,16 20 28 30 38 41,02 09 10 20 35 40,quini-6.com.ar_blogger
3088,2023-08-20,05 08 19 20 22 42,05 06 09 13 19 42,02 06 12 19 23 41,01 07 10 26 27 31,quini-6.com.ar_blogger
3089,2023-08-23,06 08 21 36 40 43,09 10 13 24 31 40,05 08 17 35 39 44,05 14 23 32 33 42,quini-6.com.ar_blogger
3090,2023-08-27,04 13 18 19 33 42,08 24 26 27 34 40,14 26 27 31 36 39,09 15 31 35 44 45,quini-6.com.ar_blogger
3091,2023-08-30,06 09 29 30 38 41,06 11 12 13 21 42,05 16 18 32 37 40,08 22 26 27 30 32,quini-6.com.ar_blogger
3092,2023-09-03,06 09 13 17 26 41,01 05 10 34 38 41,02 16 17 24 29 31,02 03 13 25 26 32,quini-6.com.ar_blogger
3093,2023-09-06,09 15 19 32 39 42,06 12 13 36 40 44,02 05 11 16 17 34,08 11 13 19 25 35,quini-6.com.ar_blogger
3094,2023-09-10,01 06 17 21 24 44,04 11 20 33 36 39,01 11 21 26 37 43,02 05 13 19 20 26,quini-6.com.ar_blogger
3095,2023-09-13,03 05 32 34 40 45,17 22 38 41 42 45,04 13 17 29 34 38,01 29 37 40 41 42,quini-6.com.ar_blogger
3096,2023-09-17,04 08 15 27 28 45,05 13 17 22 31 32,14 16 21 22 41 42,29 35 37 41 43 45,quini-6.com.ar_blogger
3097,2023-09-20,03 19 21 28 32 42,02 14 16 38 40 42,21 25 29 34 42 45,01 02 06 25 37 42,quini-6.com.ar_blogger
3098,2023-09-24,06 21 24 31 41 45,06 09 14 27 31 40,00 07 20 28 37 44,00 01 14 27 29 41,quini-6.com.ar_blogger
3099,2023-09-27,04 10 15 23 37 43,00 08 20 21 24 26,20 23 28 34 38 44,00 02 21 26 34 38,quini-6.com.ar_blogger
3100,2023-10-01,06 14 19 23 33 35,08 15 29 34 41 43,01 12 14 27 29 35,09 14 28 33 35 42,quini-6.com.ar_blogger
3101,2023-10-04,00 04 09 26 41 44,05 12 19 28 36 39,05 31 33 35 36 42,00 08 15 17 27 32,quini-6.com.ar_blogger
3102,2023-10-08,04 09 23 28 41 45,03 10 16 19 30 45,04 24 26 41 43 44,07 13 14 21 25 26,quini-6.com.ar_blogger
3103,2023-10-11,04 08 12 14 32 39,07 08 11 22 35 39,05 08 14 22 27 38,07 13 23 37 38 41,quini-6.com.ar_blogger
3104,2023-10-15,04 11 17 22 29 44,02 07 12 14 23 35,13 18 26 29 44 45,19 23 25 30 32 42,quini-6.com.ar_blogger
3105,2023-10-18,01 02 19 23 32 38,00 01 04 12 14 35,03 06 15 22 37 40,01 07 09 15 18 45,quini-6.com.ar_blogger
3106,2023-10-22,10 26 40 41 44 45,13 17 19 25 39 42,14 15 33 37 39 40,03 25 26 35 40 44,quini-6.com.ar_blogger
3107,2023-10-25,14 17 19 23 25 43,01 09 17 24 25 32,04 10 18 23 27 36,20 21 24 27 32 33,quini-6.com.ar_blogger
3108,2023-10-29,03 05 11 18 31 38,16 20 21 24 35 37,15 21 27 32 37 45,00 09 22 26 28 45,quini-6.com.ar_blogger
3109,2023-11-01,08 14 16 30 40 44,02 07 12 22 28 45,00 08 32 35 39 43,06 14 21 28 37 41,quini-6.com.ar_blogger
3110,2023-11-05,05 09 25 31 38 45,00 06 18 19 20 38,12 27 31 33 38 44,01 06 07 15 39 45,quini-6.com.ar_blogger
3111,2023-11-08,01 07 10 16 18 20,10 18 22 25 30 32,05 25 27 28 30 44,19 31 32 33 38 40,quini-6.com.ar_blogger
3112,2023-11-12,02 05 13 23 28 42,01 08 16 21 28 37,04 07 15 37 40 43,04 08 22 27 29 43,quini-6.com.ar_blogger
3113,2023-11-15,00 12 17 27 35 41,12 20 23 35 36 37,13 15 20 29 41 44,02 09 15 17 18 30,quini-6.com.ar_blogger
3114,2023-11-19,00 05 08 21 28 39,12 18 28 32 41 44,09 20 24 38 40 44,00 08 13 15 29 35,quini-6.com.ar_blogger
3115,2023-11-22,03 09 15 18 23 35,16 24 29 32 34 44,12 13 21 23 44 45,05 06 16 17 39 43,quini-6.com.ar_blogger
3116,2023-11-26,04 07 14 17 18 21,15 16 24 33 36 41,03 23 24 35 37 43,03 04 07 15 21 30,quini-6.com.ar_blogger
3117,2023-11-29,00 16 17 26 31 40,07 11 22 30 33 44,03 07 09 11 27 42,03 06 08 11 17 19,quini-6.com.ar_blogger
3118,2023-12-03,08 11 20 32 38 41,13 14 26 29 39 43,02 05 12 18 19 39,00 22 23 25 26 37,quini-6.com.ar_blogger
3119,2023-12-06,02 11 20 30 36 37,03 14 20 32 37 38,08 13 15 34 37 44,07 17 21 25 29 30,quini-6.com.ar_blogger
3120,2023-12-10,05 08 17 24 31 33,03 13 16 24 39 41,00 13 16 19 29 40,01 09 10 12 13 35,quini-6.com.ar_blogger
3121,2023-12-13,19 20 24 29 38 44,01 09 14 19 31 40,17 21 30 37 38 39,05 07 12 15 20 24,quini-6.com.ar_blogger
3122,2023-12-17,07 14 21 23 36 44,05 29 33 35 36 39,07 12 20 26 38 45,12 18 29 33 36 41,quini-6.com.ar_blogger
3123,2023-12-20,02 17 29 33 35 39,01 09 11 19 43 45,09 10 18 33 41 45,03 19 23 24 31 35,quini-6.com.ar_blogger
3124,2023-12-24,03 24 27 31 40 44,06 12 21 36 40 42,10 11 20 24 42 45,02 05 12 33 36 38,quini-6.com.ar_blogger
3125,2023-12-27,06 10 11 13 35 36,03 05 08 11 14 18,01 17 24 33 34 42,02 10 33 35 40 43,quini-6.com.ar_blogger
3126,2023-12-31,01 04 33 36 39 40,07 15 18 38 43 45,05 14 20 25 36 43,09 18 27 33 39 41,quini-6.com.ar_blogger
3127,2024-01-03,01 04 08 16 18 35,06 09 16 18 30 45,21 29 36 37 40 44,00 09 11 28 37 41,quini-6.com.ar_blogger
3128,2024-01-07,02 10 16 24 26 41,00 08 23 29 30 44,08 09 18 25 33 40,27 31 34 35 38 41,quini-6.com.ar_blogger
3129,2024-01-10,00 19 21 30 31 39,17 22 27 31 38 39,02 17 19 22 33 45,04 06 17 22 23 43,quini-6.com.ar_blogger
3130,2024-01-14,02 03 04 15 19 26,03 07 11 22 33 38,15 21 24 25 28 45,19 23 24 27 30 38,quini-6.com.ar_blogger
3131,2024-01-17,05 09 12 15 17 22,01 05 13 16 18 36,01 09 27 34 38 43,04 28 29 30 38 44,quini-6.com.ar_blogger
3132,2024-01-21,00 02 06 15 33 35,04 21 29 31 33 38,03 11 31 35 38 43,04 06 11 15 19 27,quini-6.com.ar_blogger
3133,2024-01-24,01 09 11 19 37 40,00 01 04 06 11 43,02 05 11 13 30 36,12 16 24 32 40 44,quini-6.com.ar_blogger
3134,2024-01-28,12 25 31 34 35 39,14 19 27 35 36 41,08 10 23 39 42 43,22 29 30 38 42 45,quini-6.com.ar_blogger
3135,2024-01-31,11 12 16 23 39 44,05 06 08 17 30 43,00 03 04 17 24 27,00 06 20 31 34 41,quini-6.com.ar_blogger
3136,2024-02-04,00 07 09 15 19 35,29 34 36 37 43 44,00 04 09 14 19 43,20 26 33 39 41 44,quini-6.com.ar_blogger
3137,2024-02-07,06 08 17 33 41 43,02 11 15 17 23 37,10 17 20 30 36 39,03 19 21 22 33 39,quini-6.com.ar_blogger
3138,2024-02-11,08 16 32 36 39 45,00 02 03 08 14 16,14 18 27 30 34 37,09 11 20 22 27 33,quini-6.com.ar_blogger
3139,2024-02-14,04 05 21 25 30 35,09 16 20 25 28 36,01 03 16 33 34 38,08 09 15 28 36 44,quini-6.com.ar_blogger
3140,2024-02-18,07 16 26 30 40 41,12 18 19 20 32 38,08 10 11 25 31 43,03 10 12 37 41 44,quini-6.com.ar_blogger
3141,2024-02-21,10 11 15 36 38 45,05 20 26 39 42 45,19 29 32 36 37 42,15 18 19 23 30 35,quini-6.com.ar_blogger
3142,2024-02-25,02 04 19 31 32 40,05 09 12 35 39 42,06 16 27 28 32 39,05 18 23 30 34 44,quini-6.com.ar_blogger
3143,2024-02-28,04 16 17 31 35 39,03 10 13 15 20 21,02 10 17 19 30 37,01 11 25 32 34 35,quini-6.com.ar_blogger
3144,2024-03-03,10 29 33 34 37 44,02 21 22 31 41 45,07 20 27 29 32 33,11 12 13 37 42 44,quini-6.com.ar_blogger
3145,2024-03-06,06 12 24 30 38 45,04 11 12 14 30 43,02 18 24 26 28 29,00 09 15 31 32 42,quini-6.com.ar_blogger
3146,2024-03-10,00 07 14 25 41 44,00 08 15 23 29 37,11 31 32 34 43 44,05 25 33 36 37 42,quini-6.com.ar_blogger
3147,2024-03-13,12 23 31 33 35 41,14 25 36 39 43 44,01 08 10 15 34 42,10 11 18 24 29 39,quini-6.com.ar_blogger
3148,2024-03-17,03 05 08 12 17 37,29 34 38 39 44 45,03 19 23 28 29 40,08 14 15 23 36 44,quini-6.com.ar_blogger
3149,2024-03-20,00 02 08 10 26 43,15 17 24 32 37 42,06 19 22 30 36 42,02 10 30 31 33 44,quini-6.com.ar_blogger
3150,2024-03-24,12 15 35 40 41 45,00 11 13 28 29 44,00 10 19 22 27 34,04 10 24 26 28 39,quini-6.com.ar_blogger
3151,2024-03-27,07 12 17 26 39 41,02 03 17 31 36 39,01 16 21 31 37 43,19 24 32 36 37 43,quini-6.com.ar_blogger
3152,2024-03-31,05 15 16 38 44 45,00 09 10 23 26 30,05 08 13 23 34 39,07 17 28 32 37 40,quini-6.com.ar_blogger
3153,2024-04-03,09 18 24 26 27 42,01 11 15 18 30 33,06 07 09 12 13 20,04 11 22 33 34 42,quini-6.com.ar_blogger
3154,2024-04-07,07 13 25 30 33 42,00 14 29 32 35 39,05 11 12 13 21 42,04 11 17 35 37 40,quini-6.com.ar_blogger
3155,2024-04-10,09 10 11 21 26 37,01 22 33 39 40 44,06 07 08 11 33 39,00 06 20 23 29 34,quini-6.com.ar_blogger
3156,2024-04-14,03 08 11 18 21 26,00 02 08 14 32 34,06 17 20 36 42 43,20 23 25 32 34 37,quini-6.com.ar_blogger
3157,2024-04-17,09 14 22 28 29 41,08 16 24 29 31 33,08 12 24 25 42 45,04 07 14 18 24 44,quini-6.com.ar_blogger
3158,2024-04-21,09 30 33 39 41 44,07 10 16 23 28 33,10 15 29 35 44 45,04 05 12 23 33 44,quini-6.com.ar_blogger
3159,2024-04-24,04 24 36 40 42 44,04 06 14 22 25 31,02 14 20 23 30 39,05 07 10 21 34 42,quini-6.com.ar_blogger
3160,2024-04-28,05 09 22 23 25 43,13 23 25 30 39 45,01 05 08 26 29 44,04 05 17 31 37 38,quini-6.com.ar_blogger
3161,2024-05-01,03 19 23 29 32 35,11 19 23 29 31 45,11 14 18 21 31 39,04 13 23 25 30 34,quini-6.com.ar_blogger
3162,2024-05-05,03 07 19 25 38 43,01 02 11 17 22 40,03 11 17 20 28 31,03 05 06 12 28 34,quini-6.com.ar_blogger
3163,2024-05-08,01 05 07 18 27 35,00 03 27 34 35 36,04 08 12 23 25 44,21 27 28 31 41 44,quini-6.com.ar_blogger
3164,2024-05-12,12 14 16 21 27 36,00 14 16 20 24 45,01 10 18 20 40 45,02 15 33 34 35 40,quini-6.com.ar_blogger
3165,2024-05-15,01 03 17 19 24 30,05 06 11 15 22 45,01 08 15 29 40 41,00 03 12 15 16 28,quini-6.com.ar_blogger
3166,2024-05-19,02 05 15 29 31 39,03 04 05 10 22 37,02 03 08 35 38 42,00 07 14 19 36 39,quini-6.com.ar_blogger
3167,2024-05-22,10 22 26 29 30 41,00 09 15 16 35 40,08 13 14 32 35 42,02 07 14 15 22 31,quini-6.com.ar_blogger
3168,2024-05-26,00 04 05 17 27 42,15 31 33 35 41 42,01 06 22 33 35 43,11 14 19 36 38 41,quini-6.com.ar_blogger
3169,2024-05-29,11 27 31 40 42 44,11 21 25 30 37 42,01 03 09 12 22 34,07 10 16 30 36 39,quini-6.com.ar_blogger
3170,2024-06-02,00 06 08 34 37 42,00 15 33 37 38 41,04 12 19 22 26 32,02 06 20 23 26 42,quini-6.com.ar_blogger
3171,2024-06-05,03 05 09 18 24 35,07 19 23 24 27 45,12 14 20 26 33 39,12 20 28 32 34 38,quini-6.com.ar_blogger
3172,2024-06-09,05 09 13 14 32 34,05 08 11 13 15 18,01 09 12 13 27 29,01 19 22 33 36 42,quini-6.com.ar_blogger
3173,2024-06-12,00 01 07 16 26 44,15 17 18 25 30 35,01 08 09 23 24 33,09 14 32 35 37 38,quini-6.com.ar_blogger
3174,2024-06-16,30 31 39 40 41 42,02 05 14 19 20 37,12 18 34 37 38 40,17 19 28 29 32 45,quini-6.com.ar_blogger
3175,2024-06-19,01 02 06 24 27 32,01 08 18 21 32 44,00 09 13 14 21 36,03 10 11 13 22 35,quini-6.com.ar_blogger
3176,2024-06-23,01 09 11 13 36 42,04 06 08 16 37 42,07 11 17 28 33 37,04 21 23 29 34 37,quini-6.com.ar_blogger
3177,2024-06-26,06 08 13 14 25 34,03 23 26 29 30 33,11 14 20 27 28 43,05 07 09 25 28 29,quini-6.com.ar_blogger
3178,2024-06-30,20 22 24 25 31 35,00 18 21 33 34 40,01 13 15 34 38 39,03 08 14 16 26 44,quini-6.com.ar_blogger
3179,2024-07-03,01 09 27 29 35 36,07 09 13 16 33 36,10 12 20 41 42 43,00 05 08 24 29 35,quini-6.com.ar_blogger
3180,2024-07-07,10 11 12 21 34 39,08 11 20 24 33 41,03 24 31 32 38 41,02 12 13 14 34 38,quini-6.com.ar_blogger
3181,2024-07-10,02 15 17 19 20 36,08 16 32 33 37 40,07 14 26 33 35 40,01 02 11 27 34 44,quini-6.com.ar_blogger
3182,2024-07-14,07 20 25 35 39 43,07 09 33 35 39 44,00 03 17 20 32 41,06 14 30 36 40 42,quini-6.com.ar_blogger
3183,2024-07-17,02 07 22 32 38 41,13 28 34 41 42 44,02 04 12 20 36 44,11 13 15 23 24 34,quini-6.com.ar_blogger
3184,2024-07-21,03 06 16 19 35 42,08 16 25 29 32 44,07 09 15 19 29 33,15 19 20 25 40 42,quini-6.com.ar_blogger
3185,2024-07-24,02 06 07 20 34 36,00 02 10 20 30 43,04 18 21 34 35 44,01 18 21 22 34 41,quini-6.com.ar_blogger
3186,2024-07-28,09 15 21 23 27 44,03 05 30 35 37 38,06 16 22 31 35 41,04 25 28 29 40 44,quini-6.com.ar_blogger
3187,2024-07-31,00 10 27 38 41 42,08 09 24 28 35 36,00 24 25 27 33 44,13 16 26 27 30 39,quini-6.com.ar_blogger
3188,2024-08-04,09 13 20 27 28 40,08 21 22 35 37 39,02 11 12 22 37 45,00 11 22 30 36 42,quini-6.com.ar_blogger
3189,2024-08-07,02 06 23 25 34 39,00 16 18 26 28 33,02 13 17 18 27 35,18 26 34 36 38 39,quini-6.com.ar_blogger
3190,2024-08-11,00 05 14 26 30 45,02 09 32 34 37 38,09 16 19 23 36 44,02 03 14 39 40 43,quini-6.com.ar_blogger
3191,2024-08-14,10 16 24 27 33 43,06 07 14 15 17 18,01 11 19 22 35 43,08 13 23 28 29 41,quini-6.com.ar_blogger
3192,2024-08-18,01 05 14 26 43 45,03 20 30 32 37 44,14 15 23 26 29 42,01 02 08 20 39 42,quini-6.com.ar_blogger
3193,2024-08-21,07 16 18 24 25 27,00 01 08 11 20 29,10 11 25 27 33 39,07 12 24 25 34 45,quini-6.com.ar_blogger
3194,2024-08-25,12 15 27 38 39 41,08 09 16 18 28 42,00 01 02 20 24 32,03 08 16 18 40 44,quini-6.com.ar_blogger
3195,2024-08-28,11 17 19 35 43 44,01 13 17 18 33 37,02 09 11 19 41 44,09 10 24 29 31 38,quini-6.com.ar_blogger
3196,2024-09-01,03 07 15 31 37 44,09 15 19 25 28 34,00 09 13 16 24 34,04 06 07 11 21 27,quini-6.com.ar_blogger
3197,2024-09-04,03 06 25 27 34 40,02 17 24 30 35 40,04 05 09 15 16 29,00 01 14 22 29 33,quini-6.com.ar_blogger
3198,2024-09-08,01 05 06 08 14 22,02 04 11 21 26 37,01 11 12 25 36 40,02 14 16 20 29 42,quini-6.com.ar_blogger
3199,2024-09-11,22 24 31 33 34 42,01 03 09 19 22 26,17 20 33 36 38 45,11 12 16 25 36 40,quini-6.com.ar_blogger
3200,2024-09-15,02 05 08 21 25 40,09 27 30 35 37 45,02 04 10 20 36 44,04 26 37 39 40 45,quini-6.com.ar_blogger
3201,2024-09-18,09 12 14 23 28 39,02 15 22 26 32 44,12 18 19 22 30 38,23 25 29 35 36 40,quini-6.com.ar_blogger
3202,2024-09-22,19 21 29 35 38 42,06 13 14 16 32 39,00 11 15 19 42 44,07 12 16 28 37 38,quini-6.com.ar_blogger
3203,2024-09-25,05 15 23 26 31 45,02 18 26 27 37 38,11 13 14 24 28 45,04 14 19 24 37 41,quini-6.com.ar_blogger
3204,2024-09-29,00 08 13 14 15 24,17 19 25 33 37 45,15 24 28 31 33 43,00 03 18 35 38 44,quini-6.com.ar_blogger
3205,2024-10-02,05 09 17 29 37 43,06 08 26 34 44 45,11 14 15 17 20 28,14 18 23 24 25 40,quini-6.com.ar_blogger
3206,2024-10-06,05 14 15 20 23 39,15 27 30 33 35 45,12 17 19 22 34 40,01 10 24 28 37 42,quini-6.com.ar_blogger
3207,2024-10-09,00 23 25 28 31 34,11 14 22 25 28 41,07 19 25 36 41 42,01 02 08 11 33 37,quini-6.com.ar_blogger
3208,2024-10-13,02 07 23 25 27 38,08 15 22 25 32 36,13 19 21 23 29 30,04 16 30 34 41 45,quini-6.com.ar_blogger
3209,2024-10-16,14 19 20 35 37 45,00 15 16 31 34 40,01 06 13 14 22 33,05 17 20 21 30 31,quini-6.com.ar_blogger
3210,2024-10-20,05 15 17 26 29 38,12 17 21 22 26 39,02 07 15 16 22 24,07 12 13 16 35 41,quini-6.com.ar_blogger
3211,2024-10-23,03 06 11 16 34 43,17 25 26 37 38 44,17 27 30 33 34 44,20 21 23 24 34 45,quini-6.com.ar_blogger
3212,2024-10-27,08 12 19 25 28 41,02 26 27 29 39 44,04 07 12 27 28 41,13 14 18 21 23 40,quini-6.com.ar_blogger
3213,2024-10-30,02 03 10 40 42 43,11 16 25 33 38 45,07 08 25 27 29 36,00 08 26 29 30 40,quini-6.com.ar_blogger
3214,2024-11-03,03 12 26 35 39 42,00 26 28 30 32 41,09 21 23 32 34 39,08 10 15 17 23 38,quini-6.com.ar_blogger
3215,2024-11-06,07 14 27 29 38 44,01 02 12 24 25 27,01 04 05 11 32 33,08 10 19 34 43 45,quini-6.com.ar_blogger
3216,2024-11-10,09 20 28 30 35 39,02 06 08 12 14 45,00 01 28 33 36 41,03 11 15 17 31 45,quini-6.com.ar_blogger
3217,2024-11-13,04 11 18 19 24 35,12 16 24 30 33 40,01 14 19 25 36 40,02 20 22 23 41 45,quini-6.com.ar_blogger
3218,2024-11-17,01 03 12 19 26 28,16 21 22 29 36 42,07 11 14 32 33 43,02 07 18 36 37 45,quini-6.com.ar_blogger
3219,2024-11-20,10 16 19 20 27 43,00 14 22 31 34 40,18 19 20 24 40 42,04 05 14 26 29 32,quini-6.com.ar_blogger
3220,2024-11-24,06 12 14 21 26 35,18 21 33 35 38 45,03 08 09 22 25 43,00 02 07 19 27 39,quini-6.com.ar_blogger
3221,2024-11-27,05 06 07 09 29 41,18 26 28 35 42 45,03 05 08 19 20 41,27 28 31 38 40 42,quini-6.com.ar_blogger
3222,2024-12-01,02 18 22 31 34 35,13 16 34 35 42 43,00 05 07 26 39 41,10 23 34 38 44 45,quini-6.com.ar_blogger
3223,2024-12-04,00 01 34 35 37 41,08 10 11 17 38 45,04 06 07 16 34 38,02 03 04 21 38 43,quini-6.com.ar_blogger
3224,2024-12-08,03 04 15 23 33 34,07 12 16 20 24 45,00 15 16 30 31 45,00 05 11 22 38 39,quini-6.com.ar_blogger
3225,2024-12-11,02 10 23 24 32 42,08 09 17 24 25 33,01 16 24 25 36 41,05 08 18 30 33 40,quini-6.com.ar_blogger
3226,2024-12-15,04 06 07 12 13 29,11 13 40 41 42 45,04 14 15 27 28 39,06 09 18 22 36 40,quini-6.com.ar_blogger
3227,2024-12-18,02 09 16 20 27 36,01 09 15 18 19 37,08 16 33 34 37 44,02 08 09 21 27 36,quini-6.com.ar_blogger
3228,2024-12-22,09 11 15 27 40 42,01 03 19 20 23 40,08 27 33 37 38 40,14 19 22 25 32 42,quini-6.com.ar_blogger
3229,2024-12-24,00 17 20 29 35 39,06 10 11 14 19 35,01 06 10 28 32 44,16 21 22 25 36 38,quini-6.com.ar_blogger
3230,2024-12-29,15 28 34 38 41 45,08 12 19 21 31 34,08 24 35 36 39 43,00 06 19 26 28 43,quini-6.com.ar_blogger
3231,2025-12-31,08 13 26 28 31 36,08 16 17 21 32 42,07 10 20 26 38 41,08 13 29 38 40 45,quini-6.com.ar_blogger
3232,2025-01-05,11 12 14 29 37 44,02 08 09 22 31 34,09 12 13 16 30 40,01 08 15 30 34 35,quini-6.com.ar_blogger
3233,2025-01-08,09 16 19 23 27 44,06 13 19 24 27 35,16 19 22 26 35 43,07 21 26 28 33 44,quini-6.com.ar_blogger
3234,2025-01-12,16 20 21 24 28 34,11 15 28 33 38 40,07 10 15 18 32 39,04 05 09 12 17 18,quini-6.com.ar_blogger
3235,2025-01-15,11 15 22 37 38 43,02 20 23 30 33 45,02 06 13 34 37 44,00 02 09 22 28 32,quini-6.com.ar_blogger
3236,2025-01-19,11 14 15 19 26 42,00 14 15 20 27 28,00 05 06 18 31 36,01 05 16 25 27 32,quini-6.com.ar_blogger
3237,2025-01-22,00 18 22 29 35 39,26 29 30 32 34 40,12 13 16 18 22 24,05 07 18 24 35 43,quini-6.com.ar_blogger
3238,2025-01-26,03 10 16 22 42 44,14 17 22 24 26 30,07 24 35 37 41 45,05 16 21 22 35 42,quini-6.com.ar_blogger
3239,2025-01-29,00 02 09 13 14 25,11 15 16 24 27 43,15 16 27 30 32 35,05 07 11 14 17 42,quini-6.com.ar_blogger
3240,2025-02-02,01 05 31 32 35 38,07 09 13 27 42 45,02 17 33 36 39 41,05 08 20 24 28 42,quini-6.com.ar_blogger
3241,2025-02-05,00 07 16 29 31 43,21 24 25 36 38 43,06 11 12 15 17 39,13 14 16 22 31 45,quini-6.com.ar_blogger
3242,2025-02-09,00 01 02 18 29 42,02 05 09 16 22 23,13 14 17 23 31 37,03 15 32 36 38 42,quini-6.com.ar_blogger
3243,2025-02-12,16 17 19 25 39 43,00 15 20 23 26 33,03 08 15 36 38 41,04 24 27 33 36 37,quini-6.com.ar_blogger
3244,2025-02-16,16 17 26 28 36 37,01 02 15 27 28 45,02 07 10 13 42 44,04 10 15 20 23 33,quini-6.com.ar_blogger
3245,2025-02-19,09 22 25 31 37 42,20 26 27 30 37 45,15 17 24 25 33 36,07 09 12 13 24 31,quini-6.com.ar_blogger
3246,2025-02-23,23 29 31 32 39 45,02 07 10 25 30 43,00 06 07 38 39 42,02 14 23 26 42 44,quini-6.com.ar_blogger
3247,2025-02-26,03 16 21 29 36 45,01 05 17 22 23 32,04 13 14 17 29 30,00 05 10 20 29 30,quini-6.com.ar_blogger
3248,2025-03-02,07 10 22 33 41 42,07 18 25 27 28 35,00 07 22 27 35 41,05 08 09 12 37 45,quini-6.com.ar_blogger
3249,2025-03-05,09 16 34 38 42 43,01 21 30 34 35 38,00 01 08 12 25 44,01 03 14 17 22 34,quini-6.com.ar_blogger
3250,2025-03-09,00 06 17 18 38 45,03 15 26 29 31 37,07 19 27 32 36 39,04 10 12 16 18 26,quini-6.com.ar_blogger
3251,2025-03-12,10 12 13 19 22 44,03 04 15 19 20 38,02 10 14 31 39 44,00 16 17 24 30 37,quini-6.com.ar_blogger
3252,2025-03-16,11 16 18 22 33 34,08 18 23 27 38 42,02 07 17 19 25 36,01 06 17 24 36 42,quini-6.com.ar_blogger
3253,2025-03-19,00 05 12 26 29 42,16 18 21 29 41 42,01 14 16 19 28 32,00 01 06 20 36 45,quini-6.com.ar_blogger
3254,2025-03-23,08 18 33 37 39 44,02 08 12 15 26 38,16 21 25 31 33 42,08 13 20 24 27 32,quini-6.com.ar_blogger
3255,2025-03-26,00 01 11 13 27 44,13 20 21 30 31 37,16 22 29 38 43 45,04 05 09 30 32 36,quini-6.com.ar_blogger
3256,2025-03-30,01 05 20 21 29 30,13 14 17 22 24 39,10 12 18 34 38 45,00 03 17 25 33 44,quini-6.com.ar_blogger
3257,2025-04-02,03 16 17 25 29 38,00 09 21 27 37 40,07 14 18 24 26 37,07 09 17 18 21 22,quini-6.com.ar_blogger
3258,2025-04-06,05 08 12 28 39 40,08 16 19 33 38 39,10 27 29 31 36 37,03 04 05 06 22 41,quini-6.com.ar_blogger
3259,2025-04-09,02 05 09 13 29 38,04 08 13 22 32 37,07 15 24 27 37 42,04 13 35 37 41 43,quini-6.com.ar_blogger
3260,2025-04-13,09 18 22 41 42 44,12 18 30 31 41 42,02 10 16 37 38 43,00 02 11 14 19 38,quini-6.com.ar_blogger
3261,2025-04-16,05 08 14 18 25 31,06 17 20 29 38 44,10 19 23 43 44 45,02 09 16 24 28 36,quini-6.com.ar_blogger
3262,2025-04-20,04 20 36 37 40 45,00 03 12 13 27 41,02 08 11 22 24 28,04 21 29 31 39 45,quini-6.com.ar_blogger
3263,2025-04-23,02 06 07 17 36 45,11 16 22 24 29 31,02 08 10 18 19 37,01 05 24 33 34 38,quini-6.com.ar_blogger
3264,2025-04-27,02 15 21 29 33 36,09 12 13 16 26 41,12 15 18 33 35 41,03 06 08 17 20 21,quini-6.com.ar_blogger
3265,2025-04-30,03 26 29 30 33 43,10 12 14 24 30 39,13 15 19 33 38 40,00 16 17 30 35 41,quini-6.com.ar_blogger
3266,2025-05-04,01 15 30 42 43 45,00 10 19 21 38 44,01 08 11 14 18 30,15 26 31 34 39 45,quini-6.com.ar_blogger
3267,2025-05-07,07 13 24 33 37 45,02 04 06 16 27 41,08 10 12 17 31 45,06 09 32 36 42 43,quini-6.com.ar_blogger
3268,2025-05-11,04 14 16 31 41 43,12 17 31 33 35 42,09 17 28 29 41 43,08 11 12 15 20 30,quini-6.com.ar_blogger
3269,2025-05-14,05 16 19 26 27 37,00 02 27 28 33 37,02 20 29 31 33 44,03 22 26 39 40 41,quini-6.com.ar_blogger
3270,2025-05-18,03 11 20 24 27 37,04 08 15 21 22 29,08 24 36 38 41 43,08 10 23 27 28 29,quini-6.com.ar_blogger
3272,2025-05-25,02 08 10 14 19 37,01 09 13 14 18 38,10 14 17 24 30 42,13 29 30 36 38 42,quini-6.com.ar_blogger
3273,2025-05-28,04 08 15 17 25 30,13 15 22 25 31 35,08 15 19 22 35 43,17 31 34 37 39 42,quini-6.com.ar_blogger
3274,2025-06-01,00 01 10 19 22 31,26 27 34 36 37 45,13 20 25 27 30 36,17 18 21 25 26 42,quini-6.com.ar_blogger
3275,2025-06-04,04 17 21 25 33 34,08 11 15 24 30 34,04 20 27 30 33 40,06 09 22 37 42 45,quini-6.com.ar_blogger
3276,2025-06-08,01 04 08 12 19 22,05 10 13 15 18 22,08 09 12 29 40 43,00 01 09 12 17 29,quini-6.com.ar_blogger
3277,2025-06-11,13 17 25 33 34 41,03 10 15 18 20 25,15 16 19 24 26 27,06 07 19 26 35 41,quini-6.com.ar_blogger
3278,2025-06-15,04 17 27 28 36 43,05 31 32 34 41 44,10 14 16 20 29 36,06 07 28 33 39 42,quini-6.com.ar_blogger
3279,2025-06-18,02 10 27 34 41 44,09 11 40 41 42 44,09 11 26 32 41 42,04 10 16 37 38 45,quini-6.com.ar_blogger
3280,2025-06-22,00 08 21 24 30 38,01 04 13 20 29 31,06 07 21 25 30 41,06 13 17 27 32 40,quini-6.com.ar_blogger
3281,2025-06-25,01 05 07 10 15 34,13 24 27 29 33 41,14 16 19 32 40 45,10 16 17 21 27 33,quini-6.com.ar_blogger
3282,2025-06-29,06 13 26 28 36 42,05 13 19 22 26 32,03 04 08 11 24 42,01 04 05 06 38 39,quini-6.com.ar_blogger
3283,2025-07-02,04 06 13 16 22 32,00 02 08 09 16 45,01 04 18 19 31 36,00 04 07 09 16 26,quini-6.com.ar_blogger
3284,2025-07-06,01 04 07 16 29 33,08 17 18 23 43 45,03 21 33 35 41 42,01 04 10 29 31 43,quini-6.com.ar_blogger
3285,2025-07-09,08 23 27 29 30 32,10 13 18 23 35 43,13 14 20 23 26 34,11 21 23 32 36 43,quini-6.com.ar_blogger
3286,2025-07-13,00 01 06 09 10 33,07 11 14 27 33 38,03 08 15 18 28 42,02 10 13 14 29 40,quini-6.com.ar_blogger
3287,2025-07-16,04 08 36 37 40 41,02 20 21 26 32 40,08 09 10 13 24 31,19 31 33 38 43 44,quini-6.com.ar_blogger
3288,2025-07-20,04 07 17 25 27 36,00 04 06 09 20 37,19 22 25 31 35 38,10 14 26 34 38 45,quini-6.com.ar_blogger
3289,2025-07-23,09 12 24 31 36 43,02 09 20 23 29 41,09 16 20 21 23 44,09 12 13 15 20 21,quini-6.com.ar_blogger
3290,2025-07-27,00 05 23 24 36 37,00 12 26 32 34 38,09 11 13 25 35 36,04 06 12 21 24 28,quini-6.com.ar_blogger
3291,2025-07-30,10 20 24 30 35 43,03 10 14 23 26 38,00 31 34 35 38 40,01 07 08 17 27 28,quini-6.com.ar_blogger
3292,2025-08-03,02 07 18 21 23 39,00 07 09 15 18 27,05 26 31 34 41 44,10 15 23 26 39 44,quini-6.com.ar_blogger
3293,2025-08-06,00 18 26 29 32 42,07 22 25 27 38 45,16 24 33 34 40 44,04 11 27 32 41 45,quini-6.com.ar_blogger
3294,2025-08-10,01 02 09 32 36 44,06 15 19 22 32 39,08 17 24 31 43 44,07 09 13 23 32 35,quini-6.com.ar_blogger
3295,2025-08-13,16 18 20 22 28 31,01 02 17 23 33 43,03 11 12 29 39 40,08 09 12 17 35 36,quini-6.com.ar_blogger
3296,2025-08-17,02 06 07 30 40 43,25 26 28 33 34 35,04 12 17 22 40 44,05 10 11 17 24 34,quini-6.com.ar_blogger
3297,2025-08-20,05 14 16 18 32 42,08 23 24 38 39 44,10 16 23 34 38 44,27 30 33 34 42 44,quini-6.com.ar_blogger
3299,2025-08-27,08 10 11 17 38 45,00 01 11 15 19 35,23 24 32 33 44 45,02 05 06 07 16 33,quini-6.com.ar_blogger
3300,2025-08-31,21 22 26 28 30 36,00 12 18 30 35 42,08 09 14 18 31 34,01 03 20 28 29 40,quini-6.com.ar_blogger
3301,2025-09-03,20 24 29 33 39 43,06 16 25 39 42 44,00 01 30 35 39 42,13 29 35 36 37 43,quini-6.com.ar_blogger
3302,2025-09-07,05 18 19 28 39 40,17 18 19 24 25 43,00 09 11 38 40 42,03 04 20 27 31 41,quini-6.com.ar_blogger
3303,2025-09-10,16 21 27 29 31 32,12 19 22 26 35 40,06 12 18 24 30 44,06 29 32 35 38 42,quini-6.com.ar_blogger
3304,2025-09-14,04 07 09 15 19 42,00 04 09 13 22 30,12 15 31 34 40 41,01 06 11 31 42 44,quini-6.com.ar_blogger
3305,2025-09-17,04 12 19 39 40 44,04 15 16 20 29 35,04 11 15 22 31 36,03 09 17 19 21 41,quini-6.com.ar_blogger
3306,2025-09-21,01 16 19 21 35 38,11 20 21 23 30 37,11 24 30 37 41 45,14 18 21 25 29 45,quini-6.com.ar_blogger
3307,2025-09-24,12 18 21 34 37 41,03 06 17 21 24 31,00 03 23 30 32 35,02 15 36 41 42 44,quini-6.com.ar_blogger
3310,2025-10-05,05 06 09 32 34 44,06 13 20 25 44 45,03 15 19 21 22 43,06 20 26 30 41 45,quini-6.com.ar_blogger
3311,2025-10-08,12 13 14 23 34 40,15 21 27 37 42 45,16 21 24 25 34 45,00 13 17 18 25 43,quini-6.com.ar_blogger
3312,2025-10-12,04 06 16 25 29 43,00 12 18 28 29 43,01 02 09 12 34 37,01 06 12 17 25 33,quini-6.com.ar_blogger
3313,2025-10-15,03 04 06 31 35 43,15 16 29 30 36 39,00 02 03 17 21 22,01 06 10 16 21 38,quini-6.com.ar_blogger
3314,2025-10-19,00 14 17 21 39 43,06 21 26 33 41 44,03 15 22 29 36 39,01 22 23 24 29 35,quini-6.com.ar_blogger
3315,2025-10-22,02 04 10 37 38 44,06 07 25 30 31 44,03 14 15 20 38 40,01 11 12 19 31 40,quini-6.com.ar_blogger
3316,2025-10-26,11 29 36 39 42 43,05 14 20 24 32 34,25 34 40 42 43 45,17 29 31 33 35 39,quini-6.com.ar_blogger
3317,2025-10-29,17 23 35 37 39 43,00 03 29 32 35 39,08 11 17 22 37 39,00 10 15 16 25 27,quini-6.com.ar_blogger
3318,2025-11-02,08 16 23 25 26 33,20 22 31 34 38 40,11 12 25 26 28 45,00 04 10 16 36 44,quini-6.com.ar_blogger
3319,2025-11-05,09 12 21 29 33 36,14 18 30 35 41 45,01 12 24 31 32 38,09 17 24 30 34 40,quini-6.com.ar_blogger
3320,2025-11-09,02 05 09 26 28 45,05 17 18 21 22 26,01 03 04 15 25 31,17 30 33 37 40 41,quini-6.com.ar_blogger
3321,2025-11-12,02 09 16 20 38 45,04 19 23 24 38 39,19 28 32 34 37 41,00 12 13 16 22 32,quini-6.com.ar_blogger
3322,2025-11-16,03 14 17 21 39 42,00 01 12 22 29 44,02 07 10 20 22 26,05 19 20 24 26 43,quini-6.com.ar_blogger
3323,2025-11-19,12 14 24 29 37 45,03 18 29 30 33 34,04 05 10 32 35 39,22 25 38 40 41 43,quini-6.com.ar_blogger
3324,2025-11-23,16 18 19 21 27 40,00 02 14 18 19 36,00 02 06 17 27 40,04 06 30 36 40 41,quini-6.com.ar_blogger
3325,2025-11-26,02 04 10 18 32 44,08 21 24 26 33 35,20 25 34 36 40 41,11 16 18 27 34 45,quini-6.com.ar_blogger
3326,2025-11-30,04 11 21 25 40 44,08 14 16 22 24 41,02 03 13 16 19 28,13 22 36 39 40 44,quini-6.com.ar_blogger
3328,2025-12-07,01 07 15 29 40 45,04 16 29 31 34 45,05 15 25 33 40 45,05 14 17 29 33 43,quini-6.com.ar_blogger
3329,2025-12-10,03 05 12 24 29 41,08 12 19 22 24 32,01 04 10 24 35 40,05 07 11 36 41 43,quini-6.com.ar_blogger
3331,2025-12-17,12 14 17 32 36 45,00 18 25 30 31 45,03 19 20 25 29 38,08 14 31 32 35 39,quini-6.com.ar_blogger
3332,2025-12-21,14 22 27 33 39 44,03 07 24 31 39 44,10 17 26 27 32 40,06 17 19 22 29 41,quini-6.com.ar_blogger
3333,2025-12-24,08 10 25 33 35 42,14 22 29 33 40 42,08 15 31 34 35 42,06 13 24 30 31 43,quini-6.com.ar_blogger
3334,2025-12-28,04 05 27 28 34 42,03 06 16 38 42 45,16 24 25 28 34 38,07 13 15 25 35 41,quini-6.com.ar_blogger
3335,2025-12-31,05 13 22 38 40 43,12 13 28 32 36 44,08 12 21 31 36 40,01 15 21 28 36 39,quini-6.com.ar_blogger
3336,2026-01-04,08 09 14 33 41 45,10 14 16 32 41 44,07 08 15 30 33 45,06 19 23 24 31 45,quini-6.com.ar_blogger
3337,2026-01-07,04 09 27 29 39 40,11 17 20 26 29 32,05 13 16 32 35 39,07 12 19 30 33 36,quini-6.com.ar_blogger
3338,2026-01-11,14 15 17 28 32 34,01 04 06 10 22 45,13 27 31 33 35 42,04 06 07 17 19 35,quini-6.com.ar_blogger
3339,2026-01-14,07 18 25 27 37 41,01 16 22 24 35 41,02 03 18 22 25 36,07 19 26 33 36 41,quini-6.com.ar_blogger
3340,2026-01-18,03 17 31 33 34 38,14 19 26 30 37 40,21 23 24 27 37 43,04 05 09 13 20 29,quini-6.com.ar_blogger
3341,2026-01-21,08 11 14 17 18 31,01 07 20 21 32 42,00 33 35 37 38 43,06 08 27 31 33 40,quini-6.com.ar_blogger
3342,2026-01-25,00 07 16 20 21 42,10 15 22 32 33 38,07 10 21 33 34 45,10 12 13 18 38 40,quini-6.com.ar_blogger
3343,2026-01-28,06 07 08 20 25 33,00 01 09 12 14 27,06 17 26 32 34 41,21 28 40 41 44 45,quini-6.com.ar_blogger
3344,2026-02-01,02 04 15 18 31 43,12 16 25 27 35 42,03 19 20 21 30 39,09 30 31 42 43 45,quini-6.com.ar_blogger
3345,2026-02-04,03 12 25 33 42 45,06 13 23 24 26 39,07 19 31 34 39 44,22 26 28 31 33 34,quini-6.com.ar_blogger
3346,2026-02-08,18 23 24 40 44 45,00 02 12 13 25 38,04 17 20 21 37 39,04 07 23 32 37 38,quini-6.com.ar_blogger
3347,2026-02-11,00 09 20 23 33 44,08 20 21 29 36 43,03 08 13 34 35 43,08 20 23 27 28 45,quini-6.com.ar_blogger
3348,2026-02-15,06 12 24 26 40 41,03 17 21 34 38 43,07 11 13 14 36 37,04 07 12 22 26 39,quini-6.com.ar_blogger
3349,2026-02-18,00 02 23 26 30 40,04 11 15 17 22 25,05 08 17 31 37 45,02 09 10 14 28 38,quini-6.com.ar_blogger
3350,2026-02-22,00 05 27 36 39 45,11 12 22 23 37 44,11 16 28 36 40 41,05 09 16 18 25 35,quini-6.com.ar_blogger
3351,2026-02-25,03 09 10 23 40 42,02 07 09 17 21 27,03 05 14 18 20 24,06 20 22 27 40 41,quini-6.com.ar_blogger
3352,2026-03-01,10 12 18 19 20 27,14 17 19 29 32 43,07 09 32 41 42 43,13 14 25 30 33 44,quini-6.com.ar_blogger
3353,2026-03-04,06 07 10 15 25 41,11 12 13 15 19 25,06 11 26 29 34 35,01 05 14 17 31 38,quini-6.com.ar_blogger
3354,2026-03-08,00 06 10 13 21 37,01 04 06 18 27 34,05 27 29 33 37 43,14 16 19 25 28 36,quini-6.com.ar_blogger
3355,2026-03-11,09 11 12 14 18 20,07 14 15 21 23 31,03 09 16 19 21 40,09 10 21 35 43 44,quini-6.com.ar_blogger
3356,2026-03-15,02 04 08 12 15 36,07 08 17 33 41 42,00 35 39 41 42 45,04 14 16 26 33 36,quini-6.com.ar_blogger
3357,2026-03-18,08 12 18 37 40 42,22 25 26 38 40 42,12 13 14 29 41 42,11 13 17 23 28 35,quini-6.com.ar_blogger
3358,2026-03-22,03 18 22 26 34 44,01 14 17 20 28 36,05 12 33 36 41 43,12 24 25 28 40 44,quini-6.com.ar_blogger
3359,2026-03-25,10 13 18 28 34 37,11 23 27 36 40 42,12 27 28 29 36 42,03 10 18 27 33 39,quini-6.com.ar_blogger
3360,2026-03-29,01 09 15 18 19 38,00 05 09 15 18 29,06 08 15 24 36 42,01 16 24 36 42 45,quini-6.com.ar_blogger
3361,2026-04-01,08 16 20 21 30 41,00 06 12 24 40 43,03 16 35 39 44 45,03 10 12 19 32 36,quini-6.com.ar_blogger
3362,2026-04-05,20 22 27 29 34 43,19 20 30 32 39 41,06 13 17 29 33 36,06 07 08 12 35 41,quini-6.com.ar_blogger
3363,2026-04-08,01 16 31 32 34 44,03 15 31 33 34 45,12 18 24 31 36 40,00 08 12 23 32 36,quini-6.com.ar_blogger
3364,2026-04-12,01 14 33 38 41 44,03 08 17 18 32 42,13 19 22 25 40 41,05 08 14 22 26 36,quini-6.com.ar_blogger
3365,2026-04-15,04 06 07 09 24 35,01 05 16 34 35 41,26 27 30 35 37 38,00 10 19 42 43 44,quini-6.com.ar_blogger
3366,2026-04-19,05 06 32 33 35 38,04 10 16 27 40 41,02 07 16 29 38 45,07 11 12 26 30 36,quini-6.com.ar_blogger
3367,2026-04-22,00 10 12 20 30 37,04 11 21 26 33 39,10 12 17 27 41 44,07 13 20 23 35 41,quini-6.com.ar_blogger
3368,2026-04-26,16 17 20 28 30 42,01 04 06 15 20 28,02 09 32 40 41 42,11 14 20 34 38 40,quini-6.com.ar_blogger
3369,2026-04-29,04 06 07 13 19 43,03 05 12 14 32 34,01 08 16 25 33 43,03 06 15 19 38 45,quini-6.com.ar_blogger
3370,2026-05-03,09 15 17 30 37 43,00 06 10 15 21 25,05 07 19 28 29 32,00 12 22 28 41 44,quini-6.com.ar_blogger
3371,2026-05-06,05 13 17 18 20 42,03 14 15 20 37 40,03 25 30 33 34 35,00 05 07 20 30 40,quini-6.com.ar_blogger
3372,2026-05-10,04 07 15 24 37 39,00 01 06 23 24 40,01 08 15 21 24 44,03 04 06 21 40 43,quini-6.com.ar_blogger
3373,2026-05-13,00 02 06 13 26 34,00 01 04 13 27 34,05 17 18 27 32 38,00 15 26 36 37 40,quini-6.com.ar_blogger
3374,2026-05-17,06 26 29 30 32 44,01 06 11 17 40 42,02 08 10 20 41 43,12 13 14 15 22 35,quini-6.com.ar_blogger
3375,2026-05-20,07 08 10 18 22 32,07 09 13 22 33 45,16 25 26 36 42 45,04 13 23 26 37 42,quini-6.com.ar_blogger
3376,2026-05-24,05 08 10 12 28 34,11 14 20 35 39 43,08 12 15 18 21 36,00 07 21 25 29 35,quini-6.com.ar_blogger
3377,2026-05-27,00 04 07 08 40 45,08 09 13 23 33 45,03 06 09 15 28 43,14 23 26 27 30 37,quini-6.com.ar_blogger
3378,2026-05-31,16 26 27 30 32 42,02 14 22 23 24 32,00 01 06 09 21 43,22 23 34 37 43 44,quini-6.com.ar_blogger
3379,2026-06-03,07 08 23 26 27 28,14 22 24 27 28 42,07 14 23 33 40 42,06 09 14 16 25 43,quini-6.com.ar_blogger
3380,2026-06-07,07 13 17 27 29 41,03 06 08 20 21 29,12 17 22 32 39 42,12 21 23 31 41 45,quini-6.com.ar_blogger
3381,2026-06-10,01 17 26 27 28 33,00 04 08 09 15 28,05 12 14 16 33 35,09 12 16 21 33 41,quini-6.com.ar_blogger
3382,2026-06-14,02 10 18 21 30 36,00 21 25 27 33 44,11 13 17 18 28 41,00 10 11 16 25 34,quini-6.com.ar_blogger
3383,2026-06-17,05 12 15 21 31 44,04 16 22 25 30 36,06 08 16 22 23 37,00 05 08 14 22 35,quini-6.com.ar_blogger
3384,2026-06-21,07 19 24 26 32 45,12 24 26 28 33 42,08 09 16 27 31 36,02 24 26 29 40 44,quini-6.com.ar_blogger
3385,2026-06-24,01 19 32 37 38 41,02 03 04 07 23 42,03 09 11 30 35 43,06 10 25 33 37 42,quini-6.com.ar_blogger
3386,2026-06-28,00 16 20 30 38 43,07 11 21 31 38 41,01 03 10 12 15 23,14 15 26 27 28 32,quini-6.com.ar_blogger
3387,2026-07-01,01 08 15 28 35 44,17 20 26 35 37 40,17 21 25 34 35 44,04 08 19 22 30 44,quini-6.com.ar_blogger
3388,2026-07-05,27 29 32 33 37 39,05 14 22 23 36 45,01 03 07 09 25 29,01 10 15 22 36 37,quini-6.com.ar_blogger
3389,2026-07-08,03 05 27 37 40 43,05 22 24 26 28 32,05 15 19 29 39 44,04 15 17 20 40 42,quini-6.com.ar_blogger
3390,2026-07-12,01 03 16 24 25 31,02 03 20 31 36 43,11 18 23 31 38 41,02 10 22 23 32 40,quini-6.com.ar_blogger
3391,2026-07-16,19 22 25 30 37 42,01 05 16 21 33 34,04 18 22 31 34 39,03 21 31 34 37 42,quini-6.com.ar_blogger
3392,2026-07-19,05 17 27 28 31 45,08 21 23 33 36 41,04 10 14 17 25 32,04 14 18 19 28 29,quini-6.com.ar_blogger
3393,2026-07-22,00 05 10 36 41 42,06 24 31 34 42 43,01 08 18 30 38 43,02 07 20 23 44 45,quini-6.com.ar_blogger
3394,2026-07-26,08 09 12 21 28 37,00 01 03 04 05 22,03 05 08 22 25 45,06 10 13 40 42 43,quini-6.com.ar_blogger
3395,2026-07-29,00 02 27 34 37 38,00 01 03 06 10 35,06 24 28 32 39 42,15 17 30 35 36 39,quini-6.com.ar_blogger
3396,2026-08-02,00 12 23 29 43 45,01 13 18 29 31 44,02 03 19 20 23 25,00 01 09 22 27 29,quini-6.com.ar_blogger
3397,2026-08-05,03 04 14 17 19 35,05 22 28 31 32 41,08 11 14 29 33 44,05 10 20 24 25 38,quini-6.com.ar_blogger
3398,2026-08-09,06 09 10 18 22 31,11 13 23 25 26 30,01 03 18 23 24 31,01 09 16 18 30 40,quini-6.com.ar_blogger
3399,2026-08-12,23 24 25 30 31 44,04 08 16 20 24 36,03 07 22 24 25 42,13 21 23 26 32 33,quini-6.com.ar_blogger
3400,2026-08-16,02 09 15 18 28 31,02 18 28 34 43 44,12 16 29 30 37 43,02 06 09 10 32 35,quini-6.com.ar_blogger
3401,2026-08-19,01 02 06 10 17 25,03 10 12 16 26 33,02 12 14 24 29 40,07 21 27 30 32 37,quini-6.com.ar_blogger
3402,2026-08-23,00 21 24 26 27 42,19 24 25 27 29 36,02 09 21 29 36 39,01 04 05 20 37 43,quini-6.com.ar_blogger
3403,2026-08-26,05 09 11 16 23 26,10 14 25 30 37 39,08 10 22 30 36 37,20 23 24 28 35 39,quini-6.com.ar_blogger
3404,2026-08-30,07 14 22 23 40 45,05 11 17 36 38 40,00 05 10 20 26 28,06 13 14 21 36 37,quini-6.com.ar_blogger
3405,2026-09-02,00 05 10 22 26 45,02 03 16 22 24 44,02 07 14 25 34 38,02 05 08 10 31 38,quini-6.com.ar_blogger
3406,2026-09-06,02 16 20 21 22 38,12 16 23 26 28 34,00 03 22 32 37 41,00 03 04 13 23 42,quini-6.com.ar_blogger
3407,2026-09-09,10 19 22 29 36 43,03 10 24 28 32 45,00 08 20 23 24 32,01 09 21 30 35 41,quini-6.com.ar_blogger
3408,2026-09-13,05 08 22 29 34 37,04 20 25 31 39 42,16 19 21 35 38 42,11 15 33 36 43 44,quini-6.com.ar_blogger
3409,2026-09-16,13 14 16 19 20 29,02 06 09 31 36 42,02 09 20 30 35 36,11 25 27 38 40 44,quini-6.com.ar_blogger
3410,2026-09-20,01 06 09 25 30 33,02 06 07 12 18 44,05 07 12 20 24 31,14 15 29 31 32 40,quini-6.com.ar_blogger
3411,2026-09-23,05 07 18 25 30 41,00 06 08 14 40 44,14 15 31 34 35 41,13 24 27 32 42 44,quini-6.com.ar_blogger
3412,2026-09-27,03 04 19 21 31 36,03 08 11 12 14 21,08 25 29 34 42 43,01 07 11 31 32 45,quini-6.com.ar_blogger
